age,two_year_recid,priors_count,length_of_stay,c_charge_degree_F,sex_Female,race,risk
24,1,0,0,1,0,0,1
22,0,0,0,1,0,1,1
29,1,0,3,0,0,0,1
66,0,1,19,0,0,0,1
25,1,3,1,1,0,1,1
34,0,5,1,1,1,0,1
45,0,0,0,0,0,1,1
29,1,7,27,0,0,0,1
21,0,0,0,0,0,1,1
33,1,3,4,0,1,1,1
22,0,0,1,1,0,0,1
27,0,1,5,1,0,1,1
24,0,0,0,1,0,0,1
51,0,1,6,1,0,0,1
22,1,1,21,1,0,1,1
28,0,1,38,1,1,1,0
32,0,1,1,1,0,0,1
28,0,1,0,1,0,0,1
35,0,3,0,1,1,0,1
44,0,0,1,1,0,1,1
23,1,4,143,1,0,1,0
25,0,1,1,1,0,0,1
45,0,8,1,1,0,0,1
25,1,1,0,1,0,1,1
21,1,0,1,1,0,1,1
25,1,4,5,1,0,0,1
26,0,1,3,1,1,0,0
69,0,0,0,0,0,0,1
31,1,6,1,1,0,0,1
67,1,4,27,0,0,1,1
37,0,18,1,0,0,1,0
23,1,5,1,1,0,1,1
30,0,0,23,0,0,0,1
30,0,1,4,0,0,1,1
35,0,0,1,1,0,1,1
25,0,2,2,0,0,1,1
36,0,0,1,1,0,1,0
47,1,7,0,1,1,1,0
35,1,14,0,0,0,1,0
34,0,0,0,0,0,0,1
37,1,4,75,0,0,1,1
45,0,0,0,0,0,1,1
30,1,14,2,1,0,1,0
44,1,19,17,0,0,1,0
48,1,1,0,0,0,0,1
41,0,0,0,0,0,1,1
32,1,0,5,1,0,0,1
51,0,0,0,0,1,0,1
27,1,0,54,1,0,0,1
22,1,1,1,1,0,1,1
24,0,0,15,1,0,0,1
22,0,1,-1,0,1,1,1
25,0,4,1,1,0,0,1
53,0,0,11,1,0,0,1
24,1,3,2,0,1,1,1
33,0,1,0,1,1,1,1
34,1,6,13,1,0,1,0
31,1,0,1,1,1,1,1
30,0,1,0,1,0,1,1
30,1,4,0,0,0,0,0
25,1,4,0,1,0,1,0
24,1,3,0,1,0,1,0
51,0,0,1,0,0,1,1
33,1,2,28,1,0,1,0
39,0,1,0,0,0,0,1
27,1,7,34,1,0,1,0
24,1,8,0,1,0,0,1
26,1,7,18,1,0,0,1
63,1,9,1,1,0,1,1
42,0,0,281,1,1,0,1
57,1,16,12,0,0,1,1
46,0,0,0,1,0,0,1
25,0,1,0,0,1,1,0
21,0,0,7,1,0,0,0
23,1,1,28,1,1,1,1
29,0,0,0,1,0,0,1
46,0,2,7,1,0,0,1
33,1,0,0,0,0,0,1
21,1,0,0,1,0,0,1
21,0,0,0,1,0,1,1
41,0,0,0,1,1,0,1
32,0,0,0,1,0,0,1
24,0,0,0,1,0,1,1
21,1,0,2,0,1,0,1
26,1,1,3,1,0,0,1
32,0,0,0,0,1,0,1
38,0,2,1,0,0,0,1
35,0,1,0,0,0,1,1
20,0,0,-1,0,0,0,1
34,1,5,6,0,0,0,1
28,0,3,50,1,0,0,1
40,0,1,1,1,0,1,1
49,1,14,122,0,1,1,1
39,0,0,-1,1,0,0,1
26,0,5,323,0,0,1,1
35,0,2,14,1,1,1,1
40,0,0,1,1,0,1,1
30,0,0,2,1,0,1,1
54,0,1,3,0,1,0,1
58,0,1,0,0,0,0,1
38,0,1,0,1,0,0,1
29,1,8,1,0,0,1,0
26,1,1,1,1,0,0,1
30,1,15,93,1,0,1,0
25,0,0,0,0,1,0,1
21,0,1,4,1,1,1,0
35,1,1,1,1,0,1,1
54,0,0,-1,1,0,0,1
26,1,1,1,1,1,1,1
39,1,10,1,1,0,0,0
26,0,3,1,1,0,1,1
26,0,3,27,1,1,1,1
23,1,0,1,1,0,0,1
30,0,3,0,1,1,0,1
24,1,0,1,0,0,1,1
30,0,0,0,1,0,0,1
31,0,5,0,0,0,1,0
27,1,6,0,1,0,1,1
67,0,0,0,0,1,0,1
39,0,0,0,0,1,0,1
24,1,2,2,1,0,0,1
53,0,0,0,0,0,1,1
48,1,1,1,0,1,0,1
39,0,0,1,1,1,0,1
20,1,1,13,1,0,0,0
33,0,4,1,1,0,1,0
23,1,8,2,1,0,1,0
52,1,2,4,1,0,0,0
32,0,0,2,0,1,0,1
28,1,9,53,1,0,1,1
26,0,7,1,1,0,1,1
52,0,4,4,0,0,1,1
39,0,2,2,0,0,0,1
21,1,0,0,1,0,0,1
35,0,5,0,1,0,1,1
24,0,0,1,1,1,0,1
31,0,0,21,0,0,1,1
30,0,0,6,1,0,0,1
47,0,3,63,0,0,0,1
27,0,0,1,0,0,0,1
26,1,1,0,0,0,0,1
52,0,7,181,1,0,1,1
26,0,0,2,0,0,0,1
47,1,4,0,1,0,1,1
19,1,0,0,1,0,1,1
25,1,13,36,1,0,1,0
21,0,1,0,1,0,1,0
33,0,2,14,1,1,0,1
45,0,1,2,1,1,0,1
32,1,0,17,1,0,1,1
39,1,0,2,1,1,1,1
22,1,0,2,1,0,0,1
27,1,3,6,0,0,1,1
41,1,0,1,1,0,0,1
27,1,1,0,1,0,1,1
48,1,0,0,0,0,0,1
23,0,1,0,1,0,1,1
22,1,1,0,1,0,1,0
29,1,11,1,1,0,1,1
26,0,2,8,1,0,1,1
32,1,4,0,1,0,0,0
26,0,1,1,0,1,1,1
24,0,1,2,0,0,1,1
42,1,0,34,1,0,1,0
29,0,2,1,1,0,1,1
30,0,1,17,1,0,0,1
30,1,8,45,1,1,1,1
30,1,4,4,1,0,0,0
37,1,4,1,0,0,0,1
37,0,4,0,0,0,0,1
21,1,0,12,1,0,1,1
42,1,8,1,1,1,1,0
56,0,0,-1,1,0,0,1
55,1,8,2,1,0,1,1
62,0,0,0,0,0,1,1
24,1,4,1,1,0,1,1
35,0,0,0,0,1,1,1
57,0,0,109,0,0,0,1
36,1,0,1,0,0,0,1
23,1,6,1,1,0,1,1
48,1,23,360,1,0,0,0
26,1,24,85,0,0,1,0
48,1,8,11,1,0,1,0
33,1,0,0,0,0,0,1
57,0,4,257,1,1,0,1
30,0,3,1,0,0,0,1
37,0,0,0,0,1,0,1
72,0,3,4,1,0,0,1
26,1,9,1,0,0,1,1
23,0,10,70,1,0,0,1
22,1,0,149,1,0,1,1
20,0,0,1,1,0,0,1
25,1,7,20,1,0,1,0
23,1,1,0,0,0,0,1
53,1,8,4,0,0,0,1
43,1,2,1,1,1,1,1
34,1,10,13,1,1,0,0
37,0,1,0,0,0,0,1
38,1,0,749,0,0,1,0
20,1,1,15,1,0,0,0
38,0,2,1,1,0,0,1
55,0,0,0,0,0,0,1
28,1,11,0,1,0,1,0
53,0,5,1,1,1,1,1
21,0,0,4,1,0,0,1
55,0,2,1,1,0,0,1
30,0,0,0,1,0,0,1
33,0,1,0,0,0,0,1
39,1,2,0,1,1,0,1
49,0,4,4,0,0,0,0
20,0,0,0,1,0,1,0
34,1,4,0,1,0,1,1
32,0,0,0,0,0,0,1
28,0,11,0,0,0,0,1
31,1,11,-1,1,0,1,0
28,0,2,13,0,0,0,1
30,1,2,43,1,1,0,0
48,0,0,-1,0,0,0,1
22,1,0,1,1,0,1,1
40,0,0,2,0,1,0,1
32,0,7,5,1,0,1,1
28,1,4,1,0,0,0,1
22,1,0,2,1,0,1,1
26,1,14,-1,1,0,1,0
69,0,0,0,0,0,0,1
26,0,1,1,0,0,0,1
20,1,0,4,0,0,1,0
53,0,1,21,1,0,0,1
53,0,1,1,0,0,0,1
31,1,10,1,1,0,0,1
30,0,5,0,0,0,1,1
43,0,6,0,1,1,1,1
27,1,1,0,1,0,1,1
26,1,9,79,1,0,1,0
33,1,1,1,0,0,1,1
50,0,4,2,0,0,1,1
25,1,6,0,0,0,1,1
37,0,5,0,1,0,1,1
41,0,8,1,1,0,1,1
38,0,14,56,1,0,1,1
25,0,0,0,1,0,0,1
23,1,0,14,1,0,1,0
37,1,11,0,1,0,0,0
31,0,0,0,1,0,0,1
55,1,8,6,1,0,0,1
21,0,1,0,1,0,1,1
44,0,1,4,0,1,0,1
22,1,0,0,1,0,1,1
37,0,7,1,1,0,1,1
30,1,14,64,1,0,1,0
47,1,28,117,1,1,0,0
22,0,2,0,1,1,0,1
47,0,3,0,1,0,0,1
27,1,0,9,1,0,1,1
29,0,0,1,0,0,1,1
25,0,0,0,1,1,0,1
23,1,0,1,1,1,0,1
36,0,5,0,1,0,0,1
42,0,0,3,0,0,0,1
58,0,5,2,0,0,0,1
28,0,4,2,1,1,1,1
54,0,1,0,1,0,0,1
25,1,0,1,1,1,1,1
35,1,0,40,1,0,0,1
25,1,1,58,0,0,0,1
49,0,1,0,0,0,0,1
30,0,0,5,1,0,0,1
23,0,1,5,0,0,0,1
29,0,0,0,0,0,0,1
25,1,0,0,0,0,0,1
42,0,8,1,1,0,0,1
22,1,0,0,1,0,0,1
38,0,10,0,0,0,1,1
27,1,0,6,0,1,1,0
62,0,0,2,0,0,0,1
30,1,1,0,0,0,0,1
22,0,0,0,0,0,0,1
23,1,6,5,1,0,0,0
71,0,13,0,1,0,0,1
24,1,1,0,0,1,1,1
25,0,0,0,1,0,0,1
26,1,13,-1,0,0,1,0
40,1,4,33,1,0,0,1
36,1,3,27,1,1,0,1
30,1,1,0,1,0,1,1
33,1,18,0,1,0,1,0
49,0,0,1,0,0,0,1
65,0,3,23,1,0,0,1
26,1,10,1,1,0,0,1
24,0,5,-1,1,0,1,1
24,1,8,12,1,0,0,1
32,1,19,14,1,0,1,0
26,1,3,205,0,0,1,0
37,0,2,1,0,0,0,1
25,1,7,0,0,0,1,1
77,0,0,-1,0,0,1,1
20,1,1,5,1,0,0,0
24,0,0,0,1,0,0,1
45,0,1,2,0,0,1,1
64,1,13,1,1,0,1,1
47,0,3,1,1,0,1,1
41,1,0,1,1,0,0,1
37,0,0,0,0,1,0,1
25,1,2,11,1,1,0,1
34,1,0,2,1,0,1,0
46,0,12,2,0,0,1,1
22,0,1,24,0,0,0,1
22,0,0,0,0,1,0,1
62,0,0,1,1,0,0,1
21,0,0,0,0,0,0,1
39,1,3,3,1,0,1,1
51,0,0,0,0,0,0,1
31,1,8,117,1,0,0,0
38,1,37,30,0,0,1,1
23,0,0,32,0,0,1,1
23,1,0,0,0,0,0,1
47,1,0,1,1,0,1,0
34,0,1,3,0,1,0,1
49,1,10,9,1,0,1,1
31,0,0,0,0,0,1,1
30,0,0,1,1,0,1,1
38,0,0,1,1,0,1,1
22,0,0,0,1,0,0,1
28,0,3,0,0,0,0,1
24,0,0,0,0,0,1,1
27,1,5,1,1,0,1,0
38,0,0,2,1,1,0,1
30,1,2,1,1,0,1,1
30,1,6,1,1,0,1,1
36,0,11,0,1,0,1,1
63,1,23,2,1,0,0,1
28,0,2,49,1,0,0,1
43,0,0,-1,0,1,0,1
46,0,0,0,0,1,0,1
45,0,0,0,0,1,0,1
33,0,0,1,0,0,0,1
37,0,1,1,0,1,0,1
60,0,0,1,1,0,0,1
19,0,1,4,1,0,0,0
22,0,1,1,1,0,1,1
43,0,23,102,1,0,1,1
28,0,0,1,0,1,1,1
23,1,2,0,1,0,1,1
27,0,0,0,1,0,0,1
57,1,8,99,1,0,1,1
22,0,0,0,1,0,0,1
22,1,2,0,0,0,0,1
24,1,2,0,1,0,1,1
65,1,2,5,0,0,1,1
21,1,0,1,1,0,1,1
31,1,9,0,1,1,1,0
26,0,0,0,0,1,0,1
57,0,19,117,1,0,1,1
40,0,1,1,1,0,0,1
21,0,1,2,1,0,1,0
33,0,2,0,1,1,1,1
57,1,28,2,1,0,1,0
35,0,13,0,1,0,1,0
22,1,0,0,1,0,0,1
24,1,0,0,1,0,1,1
35,1,0,1,0,0,1,0
24,0,0,1,0,0,1,1
66,1,1,4,1,0,0,1
34,0,0,28,1,0,0,1
21,0,0,1,0,0,1,1
56,0,0,0,0,0,0,1
20,1,1,1,1,0,1,0
22,1,7,11,1,0,1,0
33,1,5,2,1,1,0,1
24,1,10,0,1,0,1,0
37,1,4,0,0,0,0,1
58,0,2,4,1,0,0,1
33,0,1,0,1,1,1,1
31,1,11,1,0,0,1,1
45,0,8,1,1,0,0,1
22,1,0,0,0,1,1,1
29,0,0,0,0,1,0,1
24,0,0,2,1,0,1,1
31,0,0,5,0,0,0,1
41,0,19,220,1,0,1,0
28,1,2,42,1,0,0,1
39,0,3,0,1,0,0,1
25,0,1,4,1,1,1,1
49,1,2,11,0,1,0,1
31,1,0,0,1,1,1,1
30,0,3,0,1,1,1,1
25,0,0,0,1,0,1,1
27,1,9,0,1,0,1,1
32,0,0,1,0,0,1,1
21,0,2,0,1,0,0,1
22,1,3,1,1,0,0,0
29,0,7,1,1,0,1,1
43,0,0,29,0,1,0,1
22,0,0,1,0,0,1,1
42,0,1,7,0,0,1,1
20,1,0,8,1,0,0,1
28,1,4,2,1,1,1,1
34,0,1,1,1,0,1,1
29,1,10,2,1,0,0,0
49,0,1,12,1,0,0,1
21,1,1,2,1,0,1,0
39,0,1,106,1,1,0,1
28,0,6,2,1,0,0,1
19,1,0,1,0,1,1,0
40,1,0,8,1,0,0,1
26,1,0,-1,1,0,1,1
39,0,1,1,1,0,0,1
48,0,0,2,1,0,1,1
33,1,1,1,0,0,1,1
22,1,12,35,1,0,1,0
24,0,2,0,1,0,0,1
26,0,6,1,0,0,1,1
37,0,8,14,1,0,1,1
23,0,1,1,1,0,1,1
23,1,3,0,1,1,1,1
20,1,0,0,1,0,1,1
26,1,4,2,1,0,0,1
25,1,2,12,1,0,0,1
23,1,3,0,0,0,1,1
46,0,0,0,1,0,0,1
24,1,3,1,1,0,0,1
46,1,2,0,1,0,0,1
46,1,10,73,1,0,0,1
29,1,2,1,1,0,1,1
55,0,27,1,0,0,0,1
25,1,5,0,0,0,1,1
38,1,1,0,1,0,0,1
47,1,21,21,0,1,1,0
41,0,4,0,1,0,1,1
42,0,1,0,1,0,1,1
25,1,3,2,1,0,1,1
26,1,6,1,1,0,1,0
32,1,12,1,0,0,1,0
24,1,4,5,1,1,1,0
21,1,0,6,1,0,1,0
42,0,0,2,0,0,0,1
53,1,1,4,0,0,0,1
25,1,4,33,1,0,0,0
26,0,0,1,0,0,1,1
25,0,0,0,1,0,0,1
26,0,2,0,0,1,0,1
21,0,0,1,1,0,0,1
28,0,0,0,0,0,1,1
20,1,1,5,1,0,1,0
33,1,9,49,1,0,0,0
32,1,6,3,1,1,1,1
27,0,0,0,1,1,0,1
32,0,2,0,1,0,0,1
38,0,0,25,1,1,0,1
22,1,3,1,1,0,1,1
52,0,0,0,1,0,0,1
35,1,0,0,0,0,0,1
25,1,0,1,0,1,1,1
32,1,21,64,1,0,1,0
52,0,0,1,1,0,0,1
25,1,1,0,0,1,0,1
35,1,12,1,0,0,1,1
25,0,5,0,1,1,1,1
27,1,8,49,1,0,1,1
49,0,3,3,1,0,1,1
54,1,6,13,1,0,1,1
23,1,2,0,1,0,0,0
41,0,7,1,0,0,1,1
33,0,0,1,1,0,0,1
36,0,1,14,0,0,0,0
44,0,3,0,1,0,0,1
32,1,2,32,1,1,0,0
36,1,7,2,1,1,1,1
53,0,1,11,1,0,0,1
27,1,4,0,1,0,0,1
32,0,3,1,1,0,1,1
27,1,2,1,0,0,0,1
25,1,4,9,0,0,1,1
38,0,0,1,1,0,1,1
24,0,0,3,0,0,1,1
24,0,0,0,0,1,0,1
41,0,6,6,1,0,1,1
25,1,3,0,1,0,1,0
39,1,13,1,1,0,1,0
29,0,0,0,0,1,0,1
26,0,1,0,0,1,1,1
21,1,0,7,1,0,1,0
21,1,0,0,1,0,0,0
21,1,1,456,1,0,1,0
45,1,38,121,1,0,1,0
23,0,1,1,1,0,0,1
21,1,0,0,1,1,1,1
27,0,1,0,0,0,0,1
52,0,1,1,0,0,0,1
27,1,18,178,1,0,0,0
63,0,5,4,0,0,0,1
20,1,1,4,1,0,1,1
32,1,5,65,1,0,0,1
30,0,4,3,1,0,0,1
29,0,0,1,0,0,0,1
39,0,6,26,1,0,0,1
20,0,0,2,1,0,1,0
32,1,0,1,0,0,0,1
53,0,5,2,0,0,1,1
38,0,0,0,0,0,0,1
52,0,0,0,0,1,0,1
40,0,2,1,0,0,0,1
27,1,0,0,0,0,0,1
26,1,1,1,0,0,1,0
58,0,1,2,0,0,0,1
21,1,0,2,1,0,0,1
25,1,1,0,0,0,0,1
24,0,7,1,0,0,1,0
22,1,5,0,0,0,0,1
59,0,0,0,1,0,0,1
48,0,0,33,1,0,0,1
74,0,0,1,0,0,0,1
24,0,0,1,1,0,0,1
30,0,0,-1,1,1,1,1
55,0,0,0,1,0,0,1
29,1,0,1,0,0,1,1
42,0,6,-1,1,0,0,1
29,0,1,0,1,0,0,1
19,1,0,2,0,0,0,0
22,0,1,2,1,1,0,1
23,0,1,2,0,0,1,1
41,1,0,3,0,0,0,1
31,1,0,1,1,0,1,0
55,0,0,0,0,1,0,1
45,1,0,0,1,0,1,1
43,0,0,0,0,1,0,1
27,1,3,1,1,1,1,1
33,1,16,33,0,0,1,0
46,0,2,3,1,1,0,1
38,0,1,8,0,0,1,1
23,0,0,1,1,0,1,1
33,0,1,0,1,0,1,1
25,0,0,0,0,0,0,0
36,1,14,2,1,0,1,0
33,1,6,1,0,0,1,1
56,1,9,19,0,0,0,1
44,0,0,1,0,0,0,1
37,1,0,0,1,0,0,1
27,0,7,4,1,0,1,1
22,0,0,-1,0,1,0,1
41,1,4,-1,0,0,1,1
50,1,7,7,0,1,0,1
24,1,0,1,1,0,0,1
61,1,1,4,1,0,0,1
22,1,1,4,0,0,1,1
50,1,2,0,0,0,0,1
30,1,18,1,0,0,1,0
36,0,0,7,1,0,0,1
22,0,3,323,1,0,1,0
45,0,1,2,1,0,1,1
26,1,5,6,1,1,1,0
41,0,0,0,0,0,1,1
27,1,4,1,0,0,0,1
35,0,13,4,1,0,0,1
29,1,12,0,1,0,1,1
23,0,3,1,1,0,1,1
59,1,4,1,1,0,1,1
30,0,11,0,1,0,1,0
34,0,2,0,1,0,1,1
31,1,2,33,0,0,0,1
22,1,0,1,0,0,1,1
47,0,5,4,0,0,0,1
56,0,4,7,1,0,0,1
36,1,2,-1,1,0,1,1
34,0,4,0,0,1,0,1
28,0,0,53,1,0,0,1
40,1,0,4,1,0,1,0
57,0,0,1,0,0,0,1
27,1,13,2,1,0,1,1
38,1,20,1,1,1,0,0
53,0,0,1,0,0,0,1
51,0,0,-1,0,0,0,1
34,1,0,0,1,1,0,1
21,1,0,6,1,0,1,0
29,0,3,0,0,0,0,1
25,1,1,0,0,0,1,1
43,1,6,9,1,0,0,1
28,0,0,0,1,1,0,1
29,0,1,2,1,0,0,1
27,0,0,1,1,0,0,1
26,0,1,1,0,1,0,1
22,1,0,1,1,0,1,1
20,1,0,1,1,0,1,1
25,0,14,0,1,1,0,1
43,0,5,14,0,0,1,1
21,0,0,0,1,0,1,1
37,0,3,0,0,0,0,1
37,1,3,1,1,0,1,1
37,0,6,1,1,0,1,1
55,0,1,1,0,0,0,1
44,0,4,1,0,0,0,1
23,1,5,0,1,1,0,1
22,1,1,0,1,0,1,1
26,0,2,0,1,0,0,1
45,0,3,1,1,0,0,1
42,0,1,1,1,0,1,1
25,1,5,101,1,0,0,1
21,0,0,0,1,1,1,1
21,1,0,1,1,0,1,1
27,1,1,168,1,0,1,1
21,1,0,1,1,1,1,0
45,0,2,0,0,0,0,1
30,0,0,1,1,0,1,1
42,0,1,1,1,0,1,1
24,0,12,17,0,0,1,0
23,1,3,0,1,0,1,0
59,0,2,29,1,1,0,1
40,1,15,65,1,1,1,1
23,0,0,0,0,1,1,1
28,1,4,34,0,0,1,1
32,0,6,0,1,0,0,0
23,0,0,45,1,0,0,1
34,1,1,12,1,1,0,1
30,0,0,0,0,1,0,1
45,0,1,0,1,0,0,1
30,0,5,1,0,0,1,0
23,0,0,0,0,0,1,0
22,1,2,31,1,0,0,1
22,1,0,0,1,0,1,1
28,1,3,165,1,0,0,0
31,1,3,1,1,0,0,1
28,1,16,1,1,0,1,0
27,1,0,4,0,0,0,1
27,0,0,8,1,0,0,1
28,0,3,0,0,0,1,1
21,0,0,5,1,0,0,1
30,1,8,1,1,1,1,0
57,1,14,19,1,0,0,1
31,1,9,1,0,0,0,0
29,0,1,0,0,0,0,1
54,0,7,0,1,0,0,1
42,0,0,0,1,1,1,1
53,1,9,130,1,0,0,0
29,1,0,0,0,0,0,1
36,0,1,95,1,0,0,1
29,1,6,0,1,0,1,1
43,0,0,0,0,0,0,1
32,1,8,0,1,0,0,0
33,0,0,141,1,0,1,0
25,1,1,0,0,0,1,1
22,0,0,2,0,0,1,0
35,0,9,173,1,1,1,0
22,1,2,54,0,0,1,0
30,1,0,0,1,0,0,1
50,0,3,11,1,0,0,1
20,1,0,1,1,0,0,1
51,0,2,1,1,0,0,1
26,0,0,0,1,0,1,0
50,0,1,1,1,1,1,1
51,1,17,0,1,0,1,0
26,0,0,0,0,0,0,1
30,1,2,0,0,0,0,1
54,1,3,8,1,0,0,1
21,0,0,4,0,0,0,1
35,0,2,0,0,0,0,1
33,0,3,1,1,0,0,1
61,1,3,0,0,0,0,1
22,0,1,0,0,0,0,1
23,1,0,3,0,0,0,0
24,0,0,0,1,0,1,1
25,0,5,1,0,0,1,0
35,0,5,0,1,0,0,1
59,1,14,33,1,0,1,0
33,0,0,0,0,0,0,1
21,1,0,0,1,1,1,1
33,0,0,1,1,0,0,1
28,0,1,0,1,0,1,1
42,1,7,1,1,0,1,0
32,0,0,-1,1,0,1,1
36,1,5,1,0,0,1,1
21,1,3,6,1,0,1,0
38,0,0,0,1,0,0,1
25,0,6,32,0,0,1,1
50,1,0,0,1,0,0,1
23,1,4,2,0,0,0,0
33,0,1,0,0,1,0,1
55,0,3,1,0,0,0,1
36,0,1,1,1,1,1,1
32,1,4,1,1,0,1,1
25,1,3,1,1,0,0,0
44,0,0,1,0,1,0,1
28,0,10,0,1,0,1,1
37,0,0,19,1,0,0,1
24,0,1,141,1,0,1,1
25,0,0,1,0,0,1,1
22,1,3,0,0,0,0,1
31,1,1,1,0,1,1,1
33,1,9,2,0,0,1,0
24,0,1,0,1,1,0,1
30,0,0,0,1,0,0,1
22,0,0,-1,1,1,1,1
32,1,1,3,0,0,1,1
58,1,2,0,0,0,0,1
38,0,7,197,0,0,1,1
41,1,19,48,1,0,1,1
29,1,4,1,1,0,1,1
31,1,2,27,1,1,0,1
57,0,1,1,0,0,0,1
29,1,20,56,1,1,0,0
20,1,2,10,1,0,1,1
30,1,3,2,1,0,1,1
36,1,10,32,1,0,1,0
45,0,0,1,1,0,0,1
34,1,19,4,1,0,1,0
63,0,1,14,1,0,0,1
40,0,4,1,0,0,0,1
36,0,0,-1,0,0,0,1
36,0,2,0,0,1,1,1
39,0,1,0,1,0,0,1
45,0,0,1,0,0,0,1
29,0,2,2,1,0,0,1
58,0,1,-1,0,1,0,1
33,1,3,9,1,1,1,1
54,1,0,20,1,1,0,1
20,1,2,192,1,0,0,0
20,1,0,1,1,0,1,1
50,1,0,0,0,1,0,1
29,0,0,1,1,1,1,0
33,1,5,5,0,0,1,0
25,1,7,43,1,0,0,0
51,1,15,34,1,0,1,0
22,1,4,2,1,1,1,0
25,1,0,4,0,0,1,1
24,0,5,1,1,0,0,1
70,0,0,1,0,0,1,1
37,1,4,0,0,0,0,1
29,1,1,13,1,1,0,1
39,0,0,2,0,1,0,1
22,0,0,16,1,0,0,0
34,0,3,1,0,0,1,0
30,1,3,1,0,1,0,1
36,0,1,1,0,1,0,1
29,0,0,-1,1,0,0,1
27,0,4,1,0,0,1,1
32,1,2,0,1,0,0,1
23,0,1,0,0,0,1,1
22,0,0,1,0,1,1,1
20,0,0,0,1,0,0,1
50,1,1,0,0,1,0,1
30,1,15,1,1,0,1,0
46,0,9,4,0,0,0,1
42,0,0,1,0,1,0,1
39,1,2,1,0,0,1,1
65,0,1,-1,1,1,0,1
33,0,10,117,1,0,0,0
33,0,2,-1,1,1,0,1
28,1,1,0,1,0,0,1
44,1,0,1,1,0,0,1
34,1,0,1,0,1,1,1
32,0,2,109,0,0,1,0
56,0,4,16,1,0,1,1
34,0,2,12,1,0,1,1
28,0,1,0,0,0,0,1
21,0,0,0,0,0,1,0
24,0,1,24,0,0,1,1
32,0,0,1,1,0,0,1
25,1,5,35,1,0,0,0
43,0,0,0,1,1,0,1
57,1,8,-1,0,0,1,1
47,1,1,2,0,0,1,1
27,1,4,34,1,0,1,0
43,0,0,1,0,1,0,1
42,0,0,0,0,1,0,1
38,0,0,1,1,0,1,1
44,1,0,1,0,0,0,1
24,0,0,0,1,0,1,1
68,1,7,5,1,0,0,1
27,0,4,33,1,0,1,0
26,0,0,1,0,0,0,1
55,1,9,3,0,0,1,1
40,0,0,1,0,0,0,1
35,1,13,0,1,0,1,0
39,0,1,62,1,1,1,1
46,1,3,20,0,0,1,1
36,1,14,0,1,0,1,1
27,0,5,1,0,0,0,0
30,0,0,0,0,0,0,1
22,0,1,2,1,0,1,1
33,1,5,0,1,0,1,1
36,1,1,39,0,0,0,0
26,0,3,0,0,0,0,0
22,1,2,11,1,0,0,0
35,0,0,0,0,0,1,1
22,0,0,9,1,0,1,1
19,1,1,434,1,1,1,0
28,1,7,6,1,1,0,1
23,0,0,1,1,0,0,1
28,0,4,0,1,0,1,1
21,1,0,1,1,0,0,1
26,1,9,1,0,0,1,0
33,1,7,1,1,0,0,0
49,0,3,0,1,1,0,1
25,0,4,1,1,1,1,1
25,1,1,0,0,0,0,1
23,1,1,19,1,0,0,1
58,0,8,1,0,0,0,1
21,1,2,1,1,0,1,0
29,1,1,0,0,0,1,1
23,1,3,35,0,0,0,0
22,1,3,214,1,0,1,1
35,1,10,0,0,0,1,0
21,0,0,0,0,1,0,1
24,0,0,2,1,0,0,1
21,0,1,13,1,0,1,0
45,0,2,358,1,0,0,1
23,1,3,9,0,0,1,1
38,1,1,1,1,0,0,1
60,1,13,2,1,0,1,1
30,1,11,1,1,0,1,1
47,0,5,0,1,0,1,1
50,0,0,2,1,0,0,1
25,1,1,0,1,0,1,1
42,0,3,0,1,0,0,1
51,1,6,2,1,0,0,1
21,1,0,0,1,0,1,1
24,1,2,1,1,0,1,1
32,0,1,0,0,0,1,1
30,1,5,1,1,0,1,1
50,0,1,1,1,0,0,1
32,0,1,0,1,0,1,1
44,0,0,2,1,0,1,1
43,1,2,5,1,0,0,1
47,0,6,5,1,0,1,1
24,1,2,241,1,0,0,0
46,1,1,0,0,0,0,1
21,1,1,0,1,0,0,1
50,0,0,1,0,0,0,1
27,0,0,-1,1,0,1,1
20,1,1,1,0,0,1,1
21,1,2,18,1,0,1,0
42,1,17,8,1,1,1,0
24,1,12,36,0,0,1,0
57,1,0,1,0,1,0,1
33,1,0,1,0,0,1,0
36,0,2,0,1,0,0,1
23,1,0,4,0,0,0,0
27,1,14,1,1,0,1,0
23,0,0,1,0,1,0,1
58,0,10,0,0,0,0,1
21,0,1,1,1,0,0,1
28,0,3,1,1,0,0,1
28,0,5,2,0,1,1,0
60,0,12,1,1,0,1,1
27,1,15,48,1,0,1,0
27,1,6,1,0,0,1,1
31,0,6,10,0,0,0,1
27,1,3,0,0,1,1,1
28,1,6,30,0,1,0,0
24,1,1,21,1,0,0,1
27,0,2,131,1,0,1,1
26,1,10,1,1,0,1,0
51,1,19,2,1,0,1,0
30,1,8,1,1,0,1,0
33,0,3,0,0,0,0,1
22,0,0,1,1,0,1,1
49,0,0,1,1,0,0,1
37,0,3,2,1,0,0,1
24,1,1,1,0,0,0,1
23,1,5,54,0,0,0,1
38,0,5,5,0,0,1,1
60,0,1,1,0,0,0,1
42,1,1,17,0,0,1,1
21,1,0,1,0,0,0,1
47,0,0,1,0,1,0,1
20,1,2,0,1,0,1,0
24,1,2,19,1,0,1,0
25,1,0,0,1,0,1,1
27,0,0,0,1,1,1,1
28,0,1,3,1,0,0,1
69,0,2,0,0,1,0,1
27,0,1,3,1,0,1,1
25,0,5,10,0,0,0,0
25,1,5,236,1,0,1,0
37,0,1,1,1,0,0,1
51,1,21,449,1,0,1,0
49,1,0,1,0,0,0,1
38,1,2,7,1,0,0,1
24,1,7,199,1,0,1,0
32,0,11,0,1,1,1,1
23,0,4,3,1,0,1,0
20,0,4,0,1,0,0,0
20,0,1,1,0,1,0,1
54,1,0,0,0,0,1,1
23,0,0,0,0,1,1,1
25,0,0,0,0,1,0,1
36,0,4,2,0,0,1,1
30,1,13,2,1,0,1,0
41,0,2,0,1,0,1,1
41,1,10,176,1,0,1,0
26,1,5,6,1,0,1,1
26,1,9,2,1,0,1,0
51,1,11,79,0,0,1,1
42,1,17,51,0,0,1,1
21,0,1,0,1,0,0,1
25,0,1,0,1,0,0,1
30,1,10,0,1,0,1,1
21,0,0,50,1,0,1,1
35,1,23,1,1,0,1,0
37,0,0,0,0,0,0,1
31,1,25,117,0,0,1,0
62,1,13,1,1,0,1,0
27,1,3,7,1,0,1,0
27,0,1,0,0,1,1,1
58,1,1,0,1,0,0,1
50,1,13,242,1,0,1,1
48,0,1,0,1,0,0,1
24,0,2,1,1,0,0,1
23,0,0,0,0,1,1,1
37,0,12,52,0,0,1,0
25,0,0,1,1,0,0,1
24,0,0,0,0,0,0,1
25,1,2,11,0,0,0,1
47,0,1,0,0,0,0,1
32,1,4,414,1,0,1,1
42,0,0,0,1,0,1,1
20,1,0,0,0,0,1,1
29,1,7,1,0,0,0,0
31,1,6,48,0,0,1,1
44,0,0,2,1,0,1,1
38,0,0,1,1,0,0,1
25,0,0,0,1,0,1,1
28,0,9,0,0,0,0,1
29,0,0,0,0,1,0,1
37,1,2,0,1,0,1,1
23,0,1,2,1,0,1,0
46,1,17,6,1,0,1,0
48,1,5,242,1,0,1,0
51,0,4,1,1,0,1,1
61,0,25,1,1,0,1,1
21,0,1,12,1,0,0,0
53,0,8,5,0,0,0,1
21,1,2,1,1,0,0,1
25,0,0,1,0,0,1,1
27,1,21,35,1,0,1,1
27,0,0,0,0,1,1,1
53,1,4,0,0,0,0,1
51,0,3,6,1,0,0,1
41,0,5,0,0,0,1,1
44,0,0,0,1,0,1,1
41,0,1,2,1,0,1,1
25,1,8,1,0,0,1,0
29,0,0,0,1,0,1,1
37,0,3,28,1,1,1,1
20,1,1,109,1,0,1,0
52,1,7,0,0,0,1,1
31,0,5,1,0,0,0,1
22,1,1,5,1,0,1,0
28,1,20,0,1,0,1,0
34,0,2,0,0,0,0,1
22,1,3,2,1,0,0,1
24,0,3,1,0,0,0,1
24,0,0,23,0,1,0,1
48,0,4,1,1,0,1,1
31,1,5,0,1,0,0,1
27,0,0,2,0,0,0,0
35,0,0,101,1,0,0,1
43,0,9,1,0,1,1,0
31,0,0,-1,1,0,1,1
32,1,6,4,1,0,1,1
21,1,4,219,1,0,1,0
61,0,0,-1,0,0,0,1
28,1,0,15,1,0,1,1
58,0,6,144,1,0,1,1
36,0,0,1,1,1,0,1
35,0,0,1,1,0,0,1
41,1,0,1,1,0,0,1
62,0,0,1,0,0,0,1
53,0,1,0,0,1,0,1
52,1,16,0,1,0,1,0
42,0,1,0,1,0,0,1
37,0,3,0,0,0,1,1
21,0,0,1,0,0,0,1
44,1,6,2,1,0,0,1
24,1,6,45,1,0,1,0
28,1,7,77,1,0,1,1
57,0,2,0,0,0,1,1
21,0,0,0,1,1,0,1
48,1,1,126,1,0,0,1
24,0,4,4,1,0,1,1
21,1,0,1,1,0,1,0
25,1,5,1,1,0,0,1
56,1,0,0,0,0,0,1
54,0,0,1,0,0,1,1
30,1,0,1,0,1,0,1
29,0,0,1,0,0,0,1
30,1,4,1,0,0,1,1
40,0,1,1,1,0,1,1
24,0,0,0,1,0,1,1
43,1,0,1,1,0,0,1
30,1,5,2,1,0,0,1
30,0,14,5,1,0,1,1
21,0,0,0,1,1,1,1
52,1,2,1,1,1,1,1
74,0,2,9,1,0,0,1
32,0,7,1,1,0,0,1
51,1,0,1,0,1,0,1
20,1,4,2,1,0,1,0
23,0,0,2,0,0,0,1
37,0,2,0,1,0,0,1
48,0,4,0,1,0,1,1
21,1,0,0,0,1,1,1
31,1,1,1,1,0,0,1
24,0,1,1,1,0,0,1
26,1,5,0,1,0,1,1
46,1,3,1,1,0,1,1
40,1,8,40,1,0,0,1
49,0,1,1,1,1,0,1
38,0,15,0,1,0,1,1
51,0,14,7,1,0,1,1
30,1,7,0,1,0,0,0
29,1,0,6,1,0,0,1
30,1,20,317,1,0,1,0
65,0,7,0,0,0,1,1
25,0,2,181,1,1,0,0
56,1,5,597,1,0,1,1
24,1,1,0,0,0,1,1
45,0,1,0,0,0,1,1
21,1,3,0,1,0,1,0
46,0,1,1,1,0,0,1
30,1,3,0,1,1,0,1
33,1,3,114,0,0,1,1
25,0,1,1,1,0,0,1
28,1,8,2,1,0,1,0
25,0,2,1,1,0,1,1
21,1,0,0,0,0,0,1
21,0,1,0,1,0,0,0
28,1,5,20,1,0,0,1
20,0,0,0,0,1,1,1
25,1,10,7,1,0,0,0
33,1,1,0,1,0,1,1
22,0,0,0,1,0,1,1
54,0,1,0,1,0,1,1
28,1,0,1,0,0,1,1
69,1,0,2,0,0,0,1
32,0,5,4,1,1,0,1
28,0,0,1,1,0,1,1
36,0,0,2,0,0,1,1
50,1,30,3,0,1,0,1
23,1,2,6,1,0,1,1
38,0,0,1,0,1,1,1
34,0,0,0,1,1,1,1
51,1,1,1,0,0,0,1
21,1,0,0,1,0,1,0
32,1,13,38,0,0,1,0
24,0,0,0,1,0,0,1
48,0,0,1,1,0,0,1
34,0,19,1,0,0,1,0
28,0,4,1,1,0,1,1
35,1,2,34,0,0,0,1
25,0,1,4,1,1,1,1
27,1,6,1,1,0,1,1
45,0,16,1,1,0,1,1
42,0,2,34,0,1,1,1
29,0,1,40,1,0,1,0
21,0,0,0,0,0,0,1
25,1,2,0,0,0,0,1
34,0,5,0,1,0,1,1
26,1,2,-1,1,0,0,1
37,0,6,1,0,0,0,1
20,1,2,2,1,0,1,0
33,1,0,29,1,1,1,0
22,1,5,2,1,0,0,1
25,1,0,1,1,0,1,1
24,0,0,1,1,0,0,1
43,0,1,1,1,0,1,1
24,0,0,6,1,0,0,1
28,0,0,0,0,1,1,1
25,0,1,1,0,0,1,1
27,1,2,0,1,0,0,1
60,0,0,218,1,0,1,1
30,0,4,-1,1,0,1,1
21,0,1,1,0,0,1,1
32,1,15,7,1,0,1,0
25,0,0,0,0,0,0,1
27,1,2,1,0,0,0,1
26,0,0,0,0,1,1,1
37,0,2,169,1,0,1,0
28,0,9,1,0,0,1,1
43,0,1,1,1,0,1,1
29,0,2,0,1,0,1,1
41,1,1,1,1,0,0,1
21,1,0,1,1,0,1,0
59,0,8,5,1,0,1,1
30,1,12,-1,1,0,1,0
31,1,2,0,1,1,1,1
22,0,0,0,0,0,0,1
40,0,1,1,0,0,1,1
38,0,5,1,1,0,0,1
37,1,17,1,1,0,1,0
41,1,14,0,1,0,1,1
33,1,28,1,1,0,1,0
45,1,19,1,1,0,0,1
33,1,0,0,1,0,0,1
25,1,0,3,1,0,0,1
24,1,17,130,1,0,1,0
30,0,1,0,0,1,0,1
46,1,0,0,1,0,1,1
31,0,0,3,0,1,0,1
33,1,0,1,0,1,0,1
22,1,0,0,0,0,0,1
57,0,3,1,1,0,0,1
31,0,0,1,1,1,1,1
27,1,1,1,0,0,0,1
34,0,0,0,1,0,0,1
25,1,1,28,1,0,1,1
34,1,8,4,1,0,1,1
20,1,2,2,1,0,1,0
64,0,0,4,1,0,1,1
41,0,5,1,1,0,0,1
28,1,2,2,0,0,1,1
38,0,1,14,0,0,0,1
26,1,8,41,1,0,0,0
41,0,0,0,1,0,0,1
37,0,8,1,1,0,1,1
27,0,3,1,0,0,1,1
20,0,0,0,1,1,1,1
28,0,1,0,1,1,1,1
22,0,1,1,1,0,1,1
59,0,5,151,0,0,1,1
29,1,9,1,1,0,1,1
24,0,0,0,1,0,1,1
29,0,2,22,1,0,0,1
23,1,2,1,1,1,0,1
23,1,2,80,0,0,1,0
43,0,0,0,0,1,0,1
31,1,13,0,0,0,1,0
22,0,0,2,1,0,0,1
23,0,0,0,1,1,1,1
36,0,0,1,0,1,0,1
25,0,1,0,1,0,1,1
24,0,0,1,0,0,1,1
41,0,0,3,1,0,1,1
48,0,6,1,1,0,1,1
24,1,7,0,1,0,1,1
31,1,2,1,1,1,0,0
42,0,5,31,1,0,0,1
49,0,0,-1,1,1,0,1
23,1,4,7,0,0,0,1
37,0,0,0,0,1,0,1
34,1,0,2,0,1,0,1
26,0,2,-1,1,0,0,1
19,1,0,1,0,1,1,1
53,0,1,0,0,1,0,1
25,0,1,1,1,0,1,1
24,1,5,5,1,0,0,1
27,1,0,0,1,0,0,1
38,0,5,1,1,0,1,1
42,0,7,0,0,0,1,1
35,1,5,225,1,0,1,1
24,0,0,1,0,1,1,1
38,1,3,0,1,1,1,1
29,0,7,1,1,0,1,1
46,1,5,-1,1,0,0,0
43,1,9,0,1,0,1,1
27,0,1,0,0,0,1,1
22,0,0,0,0,0,0,1
30,0,4,1,0,0,1,1
23,1,2,1,1,1,1,1
39,0,10,40,0,0,1,0
27,0,0,1,1,0,0,1
32,1,9,23,0,0,1,1
32,0,0,1,0,0,0,1
38,1,16,241,1,0,1,0
30,0,2,16,1,0,1,1
51,0,3,3,1,0,1,1
59,0,0,0,0,1,0,1
75,0,5,1,1,1,1,1
43,1,11,76,1,0,0,1
43,1,0,0,1,0,0,0
47,0,0,1,0,0,1,1
27,0,1,1,0,0,0,1
35,0,7,28,1,0,1,1
45,1,4,4,0,0,0,1
20,1,3,21,1,0,1,1
22,1,0,0,0,0,1,1
37,0,0,1,0,0,0,1
25,0,2,0,1,0,0,1
25,1,5,0,1,0,0,0
26,1,1,2,1,0,0,1
45,0,0,1,0,0,0,1
50,0,0,0,0,0,0,1
34,0,0,14,1,0,0,1
24,0,1,33,1,0,1,1
30,0,0,0,0,1,0,0
45,0,0,13,1,0,0,1
48,1,14,142,1,0,1,0
27,0,0,1,0,0,1,1
46,0,2,0,1,0,0,1
52,0,7,0,0,0,0,1
27,1,4,-1,0,0,1,1
64,0,0,1,0,0,1,1
39,0,0,0,0,0,1,1
47,0,1,1,0,0,0,1
32,0,8,1,1,0,1,0
25,0,2,0,0,1,1,1
29,0,1,1,1,1,0,1
26,1,3,0,0,0,0,1
20,0,0,0,0,0,0,1
40,0,0,1,1,1,0,1
24,0,3,0,1,0,0,1
35,0,0,1,0,0,0,1
35,1,1,79,0,0,1,0
32,1,1,1,1,0,1,0
50,0,7,0,1,0,1,1
24,0,0,1,1,0,1,0
57,1,23,30,1,0,1,0
32,1,9,4,0,0,0,1
33,0,0,0,0,1,0,1
38,0,0,1,0,1,0,1
34,1,15,3,1,1,0,0
32,0,0,0,0,0,0,1
57,0,12,3,0,0,0,1
24,0,2,0,0,0,0,1
47,1,2,2,1,0,0,1
25,1,4,31,1,0,1,1
30,0,0,5,1,0,0,1
29,0,0,0,1,0,1,1
53,0,0,0,0,0,0,1
28,1,8,3,1,0,1,1
24,1,3,6,1,0,0,0
56,0,0,1,1,0,1,1
45,1,1,1,1,1,0,1
21,0,0,2,1,1,0,1
26,1,0,0,0,0,0,1
24,1,2,1,1,0,0,1
28,0,0,2,1,1,0,1
51,1,3,1,1,0,0,1
28,0,0,1,1,0,0,1
21,0,0,0,0,0,0,1
59,0,0,0,0,0,0,1
27,0,3,12,1,0,1,1
66,1,33,13,1,0,1,1
26,1,11,1,1,0,1,1
43,0,0,41,1,0,1,1
52,1,15,0,0,0,1,1
26,1,2,0,1,0,1,1
49,0,2,82,0,1,0,1
38,1,0,2,0,0,0,1
47,0,0,-1,0,0,0,1
25,1,3,5,1,0,1,1
36,1,2,47,1,0,1,1
21,1,1,1,1,0,1,0
24,1,3,-1,1,0,1,0
59,0,3,2,0,0,0,1
38,1,5,0,0,0,0,1
41,1,18,299,1,0,1,1
33,1,0,0,1,0,0,0
31,1,9,0,0,0,1,1
31,0,2,2,0,0,1,1
21,0,1,11,1,0,0,1
43,1,3,1,1,0,1,1
45,0,0,1,0,0,0,1
26,0,5,0,1,0,1,1
27,0,0,0,0,1,0,1
26,1,9,1,0,0,0,1
24,0,1,3,1,1,1,0
54,0,6,0,1,0,0,1
48,0,0,1,0,0,1,1
57,1,20,33,1,0,1,1
20,0,0,3,1,0,1,1
26,1,5,36,1,0,1,0
66,0,0,1,1,0,0,1
20,1,2,1,1,0,1,1
20,1,0,23,0,0,0,1
26,1,2,0,1,0,0,0
35,0,8,239,1,0,1,0
46,0,2,3,0,0,0,1
44,1,0,2,0,0,0,1
47,1,5,0,0,0,0,1
56,0,0,1,0,0,0,1
67,0,0,1,1,0,0,1
55,0,1,4,0,0,0,1
29,0,1,0,1,0,0,1
26,0,1,1,0,0,0,1
51,0,4,8,1,1,0,1
63,0,1,1,1,0,1,1
22,1,0,0,1,0,0,1
24,1,0,1,0,0,0,1
29,0,0,1,1,0,1,1
71,0,8,24,1,0,1,1
49,1,5,3,1,0,0,1
70,0,1,1,1,1,1,1
26,1,8,0,1,0,1,0
27,1,1,2,1,0,0,1
23,0,2,45,0,0,0,1
28,1,1,0,0,1,1,1
49,0,2,1,0,0,0,1
23,0,0,12,0,0,1,1
37,0,2,28,1,0,0,1
39,0,2,-1,0,0,0,1
56,0,5,12,1,0,1,1
27,1,2,6,1,0,0,1
23,0,2,2,1,0,0,1
29,1,2,0,1,0,0,1
34,1,3,0,1,0,1,1
21,1,1,15,1,0,1,1
58,0,4,1,1,1,1,1
35,0,13,2,1,1,1,0
49,1,25,9,1,1,1,0
58,1,2,83,0,0,0,1
41,0,0,1,1,0,0,1
48,0,1,0,1,1,1,1
31,1,9,470,1,0,0,1
50,0,0,0,1,0,0,1
46,0,0,78,1,0,0,1
22,1,2,1,1,0,1,1
21,1,0,3,0,0,0,1
23,1,0,1,0,0,1,1
52,0,1,0,1,1,1,1
25,0,9,12,1,0,1,1
27,0,0,2,1,0,0,1
22,0,6,1,1,0,1,0
25,1,5,0,1,1,1,0
53,0,1,1,0,0,0,1
63,0,0,0,0,0,1,1
39,0,4,118,1,0,1,0
21,1,0,9,0,0,0,0
29,0,4,0,0,0,1,1
20,0,0,0,1,1,0,1
39,1,17,181,1,0,0,1
56,0,6,1,1,0,1,1
37,0,0,37,1,1,1,1
46,1,0,0,1,0,0,1
23,0,2,18,1,0,1,1
45,0,0,1,0,1,0,1
26,1,0,0,0,0,1,1
22,1,1,5,1,0,1,1
24,0,3,75,1,0,1,0
25,0,2,1,0,0,0,1
22,1,0,0,1,0,1,1
33,0,0,1,1,1,0,1
49,0,0,0,0,0,1,1
33,1,6,152,1,0,0,1
27,0,11,3,1,0,1,0
22,0,0,0,1,0,1,1
66,0,0,1,0,0,0,1
52,0,8,39,1,0,0,1
49,1,8,3,1,0,0,1
21,0,0,1,0,1,1,1
30,1,13,474,1,0,1,0
46,0,0,1,0,1,0,1
62,0,0,3,1,0,0,1
26,1,2,148,1,0,1,1
32,1,11,1,0,0,1,0
46,0,2,0,1,0,1,0
21,0,0,2,1,0,1,1
24,1,9,4,1,0,0,0
35,0,8,8,0,0,1,1
51,0,2,1,0,0,1,1
35,0,0,0,1,0,0,1
61,0,4,1,1,0,0,1
21,0,0,0,1,0,0,1
31,1,23,55,1,0,1,0
20,1,0,1,1,0,1,1
52,1,7,117,1,0,1,0
28,1,2,0,1,1,1,1
32,0,1,-1,1,0,1,1
35,0,1,64,0,0,1,1
24,1,2,1,1,1,1,1
49,0,0,-1,0,0,0,1
24,0,1,0,1,0,0,1
38,0,3,0,1,1,0,1
24,0,0,-1,1,0,1,1
28,1,10,1,0,0,1,1
23,0,0,0,0,0,0,1
39,1,6,35,0,0,1,1
46,0,2,1,1,0,0,1
39,1,2,-1,1,0,0,1
29,0,2,1,1,0,0,1
23,0,0,0,0,1,0,1
24,0,6,310,0,1,1,1
25,0,4,1,1,0,0,0
26,1,3,0,1,0,1,1
33,0,3,2,0,1,1,1
31,1,15,2,1,0,1,0
22,1,0,0,1,0,0,1
39,1,19,0,0,0,1,1
51,1,7,3,0,0,1,1
26,1,10,1,1,0,1,0
42,1,3,-1,1,0,0,1
28,1,3,37,1,0,0,1
24,1,1,1,1,0,0,1
21,1,0,-1,1,0,0,1
61,1,1,0,1,1,1,1
29,1,7,8,1,1,0,1
29,0,2,50,0,0,1,1
52,0,0,1,0,1,0,1
23,1,4,0,1,0,0,1
31,0,2,117,0,1,0,1
39,0,5,18,1,0,0,1
37,0,0,0,0,1,1,1
28,0,0,0,1,1,0,1
32,0,1,0,0,1,1,1
58,1,4,0,1,0,0,1
41,0,0,0,0,0,0,1
34,0,0,2,1,0,1,1
42,0,0,1,1,1,0,1
45,1,0,2,1,0,1,1
43,0,12,52,1,0,0,1
49,0,0,0,1,0,1,1
25,1,9,87,1,0,0,0
27,1,4,50,1,0,1,1
30,0,1,28,1,0,0,1
33,0,0,0,0,0,1,1
31,0,0,0,0,1,1,1
46,0,9,5,1,0,1,1
37,1,3,2,0,0,0,1
45,1,17,46,1,0,1,1
31,0,5,2,1,0,1,1
29,1,5,3,1,0,1,1
20,1,0,0,1,0,0,1
26,1,5,-1,1,0,0,0
49,0,3,1,1,0,1,1
20,0,1,2,1,1,1,0
45,1,15,330,1,0,1,0
29,0,1,0,0,0,0,1
27,0,0,1,0,0,1,1
36,1,5,0,0,0,0,1
27,0,0,0,0,0,0,1
20,1,0,0,0,0,0,1
24,0,0,0,1,1,1,1
46,0,4,1,1,0,0,1
29,0,2,27,1,0,1,1
29,1,2,25,0,0,0,1
21,0,0,-1,1,0,0,1
45,0,7,1,1,0,0,1
27,0,6,1,0,0,1,0
24,0,0,15,1,0,0,0
55,0,1,9,1,0,1,1
26,0,0,1,0,0,0,1
38,1,16,33,0,0,1,0
24,1,1,0,1,0,1,1
29,1,12,12,1,0,1,0
54,0,6,1,1,1,1,1
36,1,13,33,1,1,1,0
52,0,0,0,0,0,0,1
36,0,3,25,1,1,0,1
24,1,4,51,1,0,1,0
62,0,0,2,1,0,0,1
28,1,0,0,0,0,0,1
21,1,3,17,0,0,1,0
57,0,0,1,1,0,0,1
58,0,0,0,0,0,0,1
26,0,0,0,1,1,0,1
21,1,3,0,1,0,0,1
58,0,0,0,0,0,0,1
27,1,5,64,0,0,1,1
51,0,0,1,0,0,0,1
72,0,7,-1,1,0,0,1
40,0,0,0,1,1,0,1
28,1,2,1,1,0,1,1
28,1,4,2,1,0,1,1
22,0,0,1,0,1,0,0
24,0,0,0,0,1,0,1
25,0,2,274,1,0,1,0
28,1,0,37,1,0,0,1
38,0,0,0,0,0,0,1
27,1,6,0,1,0,1,0
44,0,4,1,1,0,0,1
25,0,0,0,1,0,0,1
34,0,5,2,0,0,1,1
27,1,2,15,0,0,1,1
21,0,2,79,1,1,1,0
40,0,0,1,0,1,0,1
21,0,0,2,1,0,1,0
20,0,0,0,1,1,0,1
27,0,2,0,1,0,0,1
45,0,1,1,0,0,0,1
24,0,1,1,1,0,0,1
37,0,3,80,0,0,1,1
38,1,7,6,1,0,1,1
38,1,1,77,1,0,1,1
31,0,0,0,0,0,0,1
48,0,0,1,1,1,0,1
20,1,0,0,0,0,0,1
46,0,0,-1,0,0,0,1
64,0,0,108,1,0,0,1
59,0,0,1,1,0,0,1
43,1,4,1,1,0,1,1
24,1,0,0,0,1,0,1
27,0,3,0,1,1,1,1
52,0,0,0,0,1,0,1
25,0,1,266,1,0,0,1
38,1,3,4,1,0,1,1
29,1,12,5,1,0,1,0
23,1,2,1,0,1,1,1
33,1,2,-1,1,0,1,0
40,0,3,40,0,0,0,1
28,0,0,1,0,0,0,1
55,0,7,0,1,0,0,0
31,0,0,0,0,0,0,1
25,0,0,0,1,1,0,1
26,0,3,33,1,0,1,1
41,1,12,0,1,0,1,1
25,0,2,29,1,0,0,1
22,1,0,71,1,0,1,1
43,1,15,0,0,0,1,0
36,1,3,1,1,0,1,1
22,1,0,1,1,0,1,1
26,0,0,0,1,0,1,1
29,1,16,0,1,0,1,0
56,0,2,2,1,0,0,1
35,0,1,0,0,1,1,1
36,0,6,0,0,0,1,1
22,1,1,16,0,0,1,1
30,0,1,35,0,0,0,1
23,1,2,1,1,0,1,0
39,0,3,1,1,1,0,1
31,0,5,6,1,0,1,1
24,1,3,1,1,1,1,0
49,0,13,0,1,0,1,1
22,0,1,0,0,1,0,1
30,1,11,1,0,0,1,0
31,1,1,0,1,0,0,1
22,1,2,1,1,0,1,1
22,1,0,1,1,0,1,1
48,0,0,1,1,1,0,1
39,0,1,0,1,0,0,1
21,0,0,0,0,1,1,1
23,1,2,2,1,0,1,1
45,0,3,36,1,0,1,0
37,0,2,0,1,1,1,1
24,0,0,0,0,1,1,1
32,1,6,130,1,0,1,0
28,0,1,0,1,1,1,1
55,0,1,0,0,0,0,1
55,1,1,1,1,0,0,1
30,0,1,0,0,0,1,1
34,0,0,76,0,0,0,1
29,0,8,5,0,0,1,0
30,1,6,0,0,0,1,1
41,0,2,14,1,0,1,1
61,0,14,1,0,0,1,1
27,0,6,1,1,1,0,0
52,0,4,0,0,0,0,1
56,0,1,15,1,0,0,1
53,0,2,0,1,0,1,1
22,0,0,1,1,1,1,0
27,0,0,0,0,0,0,1
45,1,8,71,0,0,0,1
26,1,0,1,1,0,0,1
22,0,1,43,1,0,1,1
30,0,0,56,0,0,0,1
39,1,3,34,1,0,1,1
35,1,3,0,0,0,0,1
22,1,0,0,0,0,0,1
26,0,1,5,1,0,0,1
22,1,0,5,1,0,1,0
53,1,1,2,0,0,0,1
31,1,3,0,0,0,0,1
38,0,2,0,1,0,0,1
37,0,1,0,0,0,0,1
44,0,0,5,1,0,0,1
31,0,1,0,0,0,0,1
26,0,5,0,1,0,0,1
34,1,5,0,1,0,1,1
29,0,0,1,1,0,1,1
21,1,2,7,1,0,1,1
22,0,0,11,1,0,1,1
39,0,1,1,1,0,0,1
36,0,2,0,0,0,0,1
32,0,5,1,1,1,1,1
24,0,0,2,1,0,0,1
57,0,7,151,1,0,0,1
29,0,4,1,1,0,1,1
42,1,9,0,1,0,1,1
37,0,0,0,0,1,0,1
22,1,3,10,0,0,0,0
39,0,0,0,0,0,0,1
24,1,8,35,1,0,0,0
32,0,0,0,0,0,0,1
36,0,0,0,1,0,1,1
25,0,5,36,1,0,1,1
41,1,8,1,1,0,1,1
27,0,0,5,1,1,0,1
32,1,0,0,0,1,1,1
35,0,0,1,0,0,0,1
41,0,5,1,1,0,0,1
25,1,2,0,1,0,1,1
50,0,7,1,0,1,1,1
64,0,0,0,0,1,0,1
26,1,3,0,1,1,1,0
35,0,1,9,0,0,1,1
42,0,8,1,1,0,1,1
28,0,1,1,1,0,0,1
24,0,1,0,0,0,1,1
44,1,3,11,1,1,0,1
22,0,1,1,1,0,0,1
23,0,0,1,0,1,1,1
48,0,0,1,1,0,1,1
50,0,0,2,1,0,0,1
53,0,3,2,1,1,1,1
33,0,6,0,1,0,1,1
32,0,9,111,1,0,1,0
22,1,2,34,0,1,1,0
36,0,1,0,1,0,0,1
36,0,0,0,1,0,0,1
32,0,0,0,1,0,0,1
34,0,1,0,0,0,0,1
24,1,2,1,1,1,0,1
22,0,0,1,1,0,0,1
31,1,15,91,1,0,1,1
23,1,2,1,1,0,1,1
61,1,8,0,1,0,1,1
60,0,9,0,1,0,1,0
28,0,0,2,1,1,0,1
30,0,1,0,1,1,0,1
56,0,3,0,0,0,0,1
23,1,3,1,1,0,1,0
41,1,5,0,0,0,0,1
54,1,14,28,0,0,0,1
52,0,3,0,0,1,0,1
20,1,2,21,1,0,0,0
20,1,0,0,1,0,1,0
42,0,3,1,1,0,1,1
33,0,0,0,1,0,1,1
40,0,0,0,1,1,0,1
24,1,1,0,0,1,1,1
26,0,1,1,1,0,1,1
23,0,0,1,1,0,1,1
34,1,5,0,1,1,0,1
24,1,11,0,1,0,0,0
47,1,0,1,0,0,0,1
45,0,0,1,0,1,0,1
25,1,4,0,1,1,1,1
27,1,0,0,1,0,0,0
26,1,18,197,1,0,1,0
44,0,2,5,0,0,1,1
31,0,0,77,1,0,0,1
26,1,20,29,1,0,1,0
40,0,0,2,1,0,1,1
29,1,4,7,0,0,0,1
26,0,0,0,0,0,0,1
40,1,4,0,1,0,0,1
42,0,0,-1,0,0,0,1
25,0,5,35,1,0,1,0
30,1,0,1,0,0,0,1
26,0,2,1,1,0,0,1
33,1,2,0,1,0,0,1
61,0,0,0,0,0,0,1
26,1,10,0,0,0,0,0
30,0,7,37,0,0,0,1
23,1,1,0,0,0,1,1
28,0,0,0,1,0,0,1
25,1,4,0,1,0,1,0
45,1,6,241,1,0,0,1
32,1,14,1,1,0,1,0
23,0,3,5,1,1,0,0
24,1,3,17,1,0,0,0
29,0,0,0,0,0,1,1
28,1,12,1,0,0,1,1
26,1,20,43,1,0,1,0
22,1,0,1,0,0,1,0
21,1,2,1,1,0,0,1
30,1,5,62,1,0,0,1
52,0,0,2,1,1,1,1
23,1,2,7,1,0,0,0
26,0,0,1,0,0,0,1
20,1,0,11,0,0,0,1
46,0,0,0,1,1,0,1
34,1,13,18,1,0,0,0
26,0,2,2,0,0,1,1
40,0,0,-1,1,1,1,1
32,1,3,8,1,0,1,1
25,0,2,0,1,0,1,0
22,1,0,0,0,1,1,1
26,1,1,57,1,0,1,0
26,1,3,1,1,1,0,1
41,0,1,2,1,0,1,1
24,1,1,1,1,0,1,1
22,1,0,6,1,0,0,1
70,1,11,12,1,0,0,1
22,1,0,5,1,0,1,1
32,0,0,19,0,0,0,1
37,1,8,0,1,0,0,1
27,0,3,3,0,0,0,1
21,0,2,1,1,1,1,0
24,0,0,2,1,0,1,1
28,1,6,1,0,0,1,0
30,1,9,8,1,0,1,1
54,1,1,1,0,0,0,1
29,0,0,1,0,1,0,1
38,0,0,1,0,0,1,1
22,1,2,16,1,0,1,1
66,1,0,0,0,0,0,1
25,1,0,0,1,0,0,1
44,0,7,1,1,0,1,1
20,1,0,0,1,0,1,1
32,0,5,9,1,0,1,1
69,0,0,-1,0,1,0,1
39,0,0,0,1,0,0,1
20,1,0,0,1,0,1,0
31,1,6,1,1,0,1,0
30,1,1,132,1,0,1,1
28,0,0,-1,1,0,0,1
21,1,0,4,1,1,1,1
55,0,0,5,0,0,0,1
22,1,2,30,1,0,1,0
21,1,2,0,1,0,0,0
47,1,1,81,1,0,0,1
29,1,7,2,1,0,1,0
51,0,3,1,1,0,1,1
27,1,3,0,1,0,1,0
24,0,0,-1,1,0,1,1
21,0,0,1,0,0,1,1
25,1,4,19,1,0,1,0
47,0,0,3,1,1,0,1
56,0,3,191,1,0,0,1
69,0,3,0,0,0,1,1
52,0,0,0,1,0,0,1
24,1,5,18,1,0,0,1
35,0,1,1,0,0,1,1
27,1,10,1,1,0,1,0
20,1,0,18,1,1,0,0
28,0,7,0,0,0,1,1
28,1,10,243,1,0,1,1
24,1,1,0,1,0,1,1
26,0,2,1,1,0,1,1
27,0,0,1,1,0,1,1
23,0,6,17,0,1,1,1
21,1,1,5,1,0,1,0
48,0,1,0,1,0,1,1
21,1,3,1,0,1,0,1
38,0,0,7,1,0,0,1
34,0,0,2,1,0,0,1
23,1,4,192,1,0,1,0
22,1,0,7,1,0,1,1
24,0,0,0,1,1,0,1
40,1,4,5,1,1,0,1
66,0,1,0,1,0,0,1
27,0,5,0,0,0,1,1
28,0,4,0,1,1,1,1
40,0,1,75,1,0,1,1
27,0,0,4,1,0,0,1
25,1,5,155,1,0,1,0
53,0,0,0,0,0,0,1
22,0,4,0,0,0,1,1
29,1,0,1,1,0,1,1
33,0,10,1,0,0,0,1
25,0,0,0,0,1,0,1
55,1,3,36,1,0,0,1
31,0,1,0,0,1,1,1
24,1,0,0,1,1,1,1
57,0,0,77,0,1,1,1
26,1,0,5,0,0,0,1
46,0,0,0,0,0,0,1
25,0,1,0,1,0,1,1
49,0,3,0,1,0,0,1
55,1,0,1,1,0,1,1
24,1,3,0,1,0,1,1
23,1,5,32,0,0,0,0
67,0,0,0,0,0,0,1
34,0,3,1,1,0,0,1
33,0,1,0,1,1,1,1
31,1,6,0,0,0,0,1
25,0,0,0,1,1,0,1
44,1,10,5,1,1,0,1
30,1,21,1,1,0,1,1
21,1,1,1,1,0,1,1
43,1,2,7,1,0,0,1
22,0,0,1,1,0,0,1
23,1,7,1,1,0,1,0
25,1,2,4,0,0,1,1
22,1,1,1,0,0,0,1
26,1,4,0,1,0,1,0
29,0,0,0,1,0,1,1
21,0,0,0,1,0,0,1
26,1,6,3,0,0,1,0
30,0,0,-1,0,1,1,1
38,0,15,1,1,0,1,0
59,1,13,242,1,0,1,1
25,1,1,1,0,1,1,0
26,0,0,-1,0,1,1,1
39,0,0,3,0,0,0,1
28,1,0,2,0,0,0,1
23,0,2,13,1,0,0,1
22,1,2,24,0,0,0,1
45,1,9,54,1,0,0,0
48,0,0,1,0,0,0,1
19,1,1,1,1,0,1,1
53,0,0,0,0,1,0,1
45,1,13,0,1,0,1,1
41,1,14,6,1,0,0,1
27,1,1,14,1,0,0,1
30,0,0,0,0,0,0,1
37,1,26,1,1,0,1,0
22,1,0,0,1,0,1,1
23,1,1,7,1,0,1,1
30,0,3,26,1,1,1,1
51,0,1,1,0,0,0,1
30,0,1,0,0,0,1,1
28,0,4,29,1,0,1,1
21,1,0,0,1,0,0,1
40,0,0,1,1,0,1,1
54,1,4,78,0,0,1,1
22,0,0,-1,0,1,0,1
47,1,13,0,1,0,1,1
31,0,1,0,1,0,0,1
33,0,0,1,0,1,1,1
26,0,0,0,1,0,0,1
46,0,0,1,1,1,1,1
58,0,2,1,1,0,0,1
31,1,6,1,0,0,0,1
58,0,1,0,1,0,0,1
32,0,0,1,0,1,0,1
52,0,0,13,1,0,1,1
51,1,0,7,0,1,0,1
38,0,3,1,1,0,1,1
40,0,0,0,0,0,0,1
42,0,1,0,1,1,1,1
35,1,1,49,1,0,0,1
22,1,1,1,0,0,1,1
39,0,1,4,1,0,1,1
70,0,0,0,1,1,0,1
30,1,9,7,0,0,0,1
46,0,0,0,1,0,0,1
22,0,1,13,1,1,1,1
49,0,0,0,0,0,0,1
50,0,8,172,1,0,0,1
28,1,18,12,1,0,1,0
33,1,0,0,1,0,1,1
32,0,4,0,1,0,1,1
29,0,16,17,1,0,1,0
33,0,1,1,0,0,0,1
30,0,0,0,0,1,1,1
27,0,2,3,1,0,1,1
59,0,0,0,0,1,0,1
26,1,2,199,1,0,0,1
25,0,0,-1,0,0,0,1
28,1,5,170,1,0,1,1
33,0,0,0,1,1,0,1
25,0,0,0,1,0,1,1
42,0,0,0,1,0,0,1
35,0,0,1,1,0,1,0
43,0,20,1,1,0,1,0
25,0,0,34,1,0,1,1
33,0,5,-1,1,0,1,1
38,0,4,-1,1,0,1,1
23,1,0,1,1,1,0,1
29,1,6,1,1,0,1,1
45,0,1,6,1,1,1,1
44,0,0,2,1,0,1,1
33,1,9,1,0,0,1,0
25,0,0,2,1,0,0,1
22,0,0,0,0,0,1,1
30,1,9,243,1,1,1,0
21,1,2,5,1,0,0,0
41,1,18,33,0,0,1,0
23,0,1,0,1,1,1,1
22,1,0,10,1,0,0,1
26,1,2,1,1,0,1,0
28,1,1,0,0,0,0,1
28,1,14,0,1,0,1,1
24,1,3,44,1,0,1,0
31,1,1,33,1,1,1,1
39,0,0,1,0,0,0,1
21,0,1,-1,1,0,0,0
24,0,1,3,1,1,0,1
27,0,0,1,0,1,1,1
56,0,0,3,0,1,1,1
38,0,3,0,1,0,0,1
22,0,0,0,1,0,1,1
28,1,1,30,1,0,0,1
36,0,4,0,1,1,1,1
29,1,8,0,1,0,0,1
40,0,5,55,1,1,0,0
48,1,0,9,1,1,1,1
48,1,1,129,1,0,0,1
25,0,2,-1,1,0,0,1
41,0,1,6,1,0,0,1
53,0,1,0,0,0,1,1
32,0,4,108,1,0,1,1
21,1,1,1,1,0,1,1
37,0,0,0,0,0,0,1
56,0,1,1,1,0,0,1
27,1,3,9,1,0,1,0
29,1,3,1,1,0,1,1
23,1,0,0,0,0,1,0
43,1,2,4,0,0,0,1
42,0,1,292,1,0,0,1
29,0,0,28,1,1,0,1
30,0,0,1,1,0,1,1
45,0,1,1,0,0,0,1
21,1,5,1,0,0,1,1
26,1,10,0,1,0,1,0
36,0,0,1,0,0,0,1
20,1,0,0,0,0,0,0
60,1,0,1,1,1,0,1
43,0,0,3,1,0,1,1
39,0,0,18,0,0,0,1
38,0,2,8,1,0,0,1
25,1,5,1,1,0,1,0
30,0,0,2,1,0,1,1
26,1,3,0,1,0,1,1
23,1,3,5,1,1,1,0
51,0,19,13,1,0,1,0
23,0,0,11,1,1,0,1
27,1,0,1,0,0,1,1
41,1,19,42,1,0,0,0
41,0,3,1,1,1,0,1
20,1,2,58,1,0,1,1
22,0,1,1,1,0,0,0
23,0,1,178,0,0,1,1
22,0,0,7,0,1,1,1
25,0,1,1,1,0,0,1
58,0,1,10,1,0,0,1
45,0,4,3,0,0,1,1
50,1,3,0,1,1,0,1
31,0,3,0,1,0,1,1
40,0,2,3,1,0,1,1
66,0,0,1,0,0,0,1
33,1,11,44,1,0,1,1
40,1,8,0,0,0,1,1
44,1,0,0,1,0,1,1
27,0,0,1,0,1,1,1
25,1,7,3,0,0,0,1
39,1,6,2,1,0,1,1
19,1,3,1,1,0,1,0
21,0,0,2,1,0,1,1
36,0,1,0,0,1,1,1
40,0,20,1,1,0,1,1
24,1,1,1,0,0,1,1
21,1,5,1,1,0,0,0
40,1,23,31,0,0,1,1
38,1,5,3,1,0,0,1
38,0,1,3,0,0,1,1
26,1,4,0,1,1,1,0
51,0,0,1,1,0,0,1
20,1,0,0,1,0,1,0
24,0,0,-1,1,0,1,1
21,0,0,5,1,0,1,0
45,0,0,0,1,1,1,1
55,1,33,242,1,0,0,0
27,1,6,1,1,0,0,1
35,0,2,1,0,1,0,1
19,1,3,0,1,0,1,0
20,0,0,1,1,0,0,1
34,1,1,1,0,0,1,1
30,1,3,12,1,1,1,1
32,1,6,8,1,1,0,1
23,0,2,0,1,0,0,1
28,0,1,1,0,1,0,1
28,0,11,26,1,0,1,0
35,0,4,29,0,0,1,1
26,0,5,1,0,0,1,1
46,0,0,0,1,0,0,1
38,0,1,126,0,0,0,1
22,0,0,0,0,1,0,1
45,0,0,0,0,1,0,1
40,1,24,1,0,0,1,0
40,0,0,0,0,0,0,1
26,0,0,-1,1,0,0,1
46,0,4,8,1,0,1,1
22,0,0,2,1,0,1,1
23,0,0,1,1,0,0,0
31,0,0,0,1,0,1,0
26,0,0,0,0,0,1,1
59,0,4,0,0,0,1,1
43,0,1,1,0,0,0,1
29,1,2,0,1,0,1,1
25,1,24,0,1,0,0,0
23,0,2,1,0,0,0,1
67,1,0,24,1,0,0,1
30,1,7,0,0,1,1,1
54,1,4,1,1,0,1,1
37,1,2,1,1,0,0,1
67,1,2,0,0,0,0,1
38,0,11,18,1,0,1,1
36,1,9,19,1,0,0,1
46,0,0,0,0,0,1,1
38,1,17,1,0,0,1,1
36,0,8,1,0,0,0,1
56,1,1,0,1,1,1,1
26,0,1,1,1,0,1,1
25,1,9,6,0,0,0,0
46,0,0,1,0,0,1,1
55,0,0,2,1,0,0,1
50,0,2,0,0,0,0,1
24,1,7,2,0,0,1,0
45,0,20,46,0,0,1,1
53,0,0,0,0,1,0,1
29,1,3,0,1,0,1,0
28,1,25,25,1,0,1,0
25,0,1,0,1,0,1,1
28,0,0,0,1,0,1,1
19,1,2,22,1,1,0,0
30,1,3,530,1,1,0,1
24,1,2,49,0,0,1,0
57,0,0,1,0,1,0,1
61,0,1,1,1,0,0,1
33,0,7,0,0,1,0,1
43,0,9,0,1,0,0,1
27,0,0,0,0,0,0,1
34,0,1,1,0,1,1,1
27,1,7,27,0,0,1,1
35,1,3,0,0,1,1,1
46,1,2,2,1,0,0,1
23,1,2,2,0,0,1,0
60,0,1,0,1,0,0,1
30,1,10,1,0,0,1,1
34,1,5,5,1,0,1,1
23,0,2,71,1,0,1,0
26,1,10,2,1,0,1,0
26,1,2,0,0,1,1,1
40,1,4,2,0,0,0,1
23,1,0,1,1,0,0,1
51,0,7,1,1,1,1,1
25,0,2,3,1,1,0,1
32,0,12,1,1,0,1,0
23,1,0,0,1,0,0,0
21,1,1,5,1,0,0,1
30,0,1,21,1,0,1,1
48,0,1,0,1,0,0,1
20,1,0,0,1,0,1,1
54,0,0,0,1,0,0,1
25,0,0,1,0,1,0,1
34,1,2,9,1,0,0,1
27,1,3,2,1,1,1,1
51,1,0,1,1,0,0,1
37,1,0,1,0,0,1,1
26,0,3,1,0,0,1,0
20,0,0,1,0,1,0,1
29,0,4,0,0,0,1,1
44,1,2,1,1,0,0,1
28,1,2,1,1,0,1,1
46,0,0,0,0,0,0,1
32,1,6,2,0,0,1,1
52,0,6,6,1,1,0,1
37,0,0,0,0,0,0,1
48,1,2,1,1,0,1,1
49,0,1,1,0,0,1,1
34,1,0,2,0,0,1,1
37,1,0,2,1,0,0,1
61,0,0,2,0,0,0,1
22,0,0,1,0,0,0,1
31,1,13,471,1,0,0,0
24,0,1,1,1,1,0,1
37,0,0,0,1,0,0,1
61,0,1,0,0,0,0,1
36,1,7,0,1,0,1,1
39,0,1,0,1,0,0,1
36,1,6,0,1,1,0,1
27,1,9,0,1,0,1,1
38,1,5,41,1,1,0,1
26,1,3,33,1,0,1,0
42,1,0,1,0,0,1,1
22,1,2,2,0,1,0,1
21,0,0,1,1,0,1,1
61,0,1,2,0,0,1,1
31,0,0,8,1,0,1,1
25,0,1,42,0,0,0,1
53,0,1,0,0,0,1,1
39,1,8,31,1,1,0,1
24,0,0,0,0,0,1,1
41,1,6,39,1,0,1,1
26,0,1,1,1,1,1,1
24,1,2,1,1,1,1,1
31,0,0,0,0,1,0,1
23,1,0,1,0,0,1,1
21,1,2,35,0,0,1,0
36,0,0,12,1,1,1,1
41,0,0,-1,0,0,0,1
32,0,4,-1,1,0,0,1
34,1,7,-1,1,0,1,1
26,0,1,2,1,1,1,1
56,0,0,1,1,0,0,1
39,0,1,29,1,0,0,1
57,0,2,9,1,0,0,1
43,0,8,1,1,0,0,1
56,0,0,1,0,0,1,1
26,0,4,2,1,1,1,1
30,1,0,0,0,0,0,1
32,0,0,0,1,1,1,1
41,0,0,0,1,1,1,1
37,0,0,126,1,0,0,1
31,1,1,10,0,1,0,1
21,1,1,59,1,0,1,0
29,1,4,8,1,0,1,1
34,1,27,118,1,0,1,0
29,0,0,72,1,0,1,1
30,1,7,0,1,0,1,1
24,0,0,0,1,1,0,1
26,0,0,0,0,0,0,1
45,0,1,-1,0,0,0,1
20,1,3,-1,1,0,1,0
50,0,0,2,1,0,0,1
20,0,0,0,1,0,0,1
23,0,2,1,0,1,0,1
25,1,0,0,1,0,0,1
63,0,2,1,0,0,1,1
32,1,0,-1,0,1,1,1
46,0,13,141,1,0,0,1
23,0,0,0,0,1,0,1
26,1,2,1,1,0,0,0
34,0,1,0,0,0,0,1
37,0,4,92,1,0,1,1
33,1,8,0,0,0,1,1
25,0,0,0,0,0,1,1
22,1,1,1,1,1,1,1
43,0,0,0,0,0,0,1
56,1,2,0,0,1,1,1
29,1,11,49,1,0,0,0
27,1,0,0,1,1,1,1
28,1,1,0,1,0,1,1
77,1,1,2,0,0,1,1
46,1,2,9,1,1,1,0
35,0,0,1,1,0,1,1
25,1,1,1,0,0,1,1
36,0,0,0,0,0,0,1
33,0,2,21,0,0,0,1
55,0,5,300,1,0,1,1
23,1,3,6,1,0,1,1
20,1,0,1,0,0,1,1
30,0,4,0,1,1,1,1
44,0,0,42,1,0,1,1
36,0,1,1,1,0,0,1
25,0,0,1,1,0,0,1
44,0,1,1,0,0,0,1
39,1,3,0,1,1,1,1
24,1,3,1,1,0,1,1
30,1,0,1,1,0,1,1
27,1,1,0,1,0,0,1
52,1,3,24,1,0,1,1
29,1,11,34,1,1,0,0
25,1,1,1,1,0,0,1
28,1,5,51,0,0,1,1
22,0,1,0,1,1,0,1
54,1,2,29,1,0,0,1
52,1,4,1,0,0,0,1
24,0,1,1,0,0,1,1
33,1,12,2,1,0,1,0
23,1,1,0,1,0,1,1
27,1,1,21,0,0,0,1
36,1,4,1,0,1,1,1
57,0,8,5,0,0,1,1
46,1,0,37,0,0,0,1
60,0,0,0,1,0,0,1
43,1,0,1,1,1,0,1
25,1,1,0,1,0,1,1
21,1,0,1,1,1,1,0
42,1,7,1,1,0,1,1
37,1,0,0,0,0,0,1
23,0,0,0,1,0,1,1
31,0,0,0,0,0,0,1
35,0,3,1,1,0,0,1
26,1,0,0,0,0,1,1
25,1,2,1,0,0,0,1
61,1,1,0,1,0,1,1
46,0,0,1,0,0,1,1
45,1,20,2,1,0,0,1
21,1,2,8,1,0,1,1
30,0,0,0,0,0,0,1
24,1,3,39,1,0,0,1
24,1,3,0,0,1,0,1
20,1,2,52,1,0,0,0
39,0,0,0,0,0,0,1
48,0,1,5,0,0,0,1
34,0,1,0,1,0,1,1
24,1,9,3,0,0,1,0
25,1,2,0,1,0,0,1
31,0,0,1,0,0,0,1
20,1,1,16,1,0,1,1
29,0,0,89,1,0,0,0
55,1,0,6,1,1,0,1
30,1,0,1,1,0,1,1
26,1,9,1,0,0,0,1
39,0,2,0,1,0,1,1
34,0,15,6,1,0,1,1
31,0,1,1,0,0,1,1
23,0,0,1,1,0,1,1
22,1,1,0,1,0,0,1
28,0,1,24,0,0,0,1
28,0,0,0,0,1,0,1
26,1,5,0,1,0,1,1
20,1,0,-1,1,0,1,1
43,1,6,0,0,0,0,1
51,1,0,1,1,0,1,1
27,0,1,2,1,1,1,1
51,0,2,34,1,0,0,1
22,1,5,4,1,0,0,0
31,0,0,0,1,0,1,1
34,1,7,0,1,0,1,1
20,1,1,1,1,0,1,0
51,0,2,22,1,0,0,1
56,1,2,49,0,1,0,1
31,1,10,8,1,0,1,1
27,1,0,27,1,0,0,0
23,0,0,0,0,1,0,1
48,0,2,4,0,0,0,0
37,1,1,8,1,0,0,1
22,1,1,0,0,0,1,0
24,0,3,6,0,0,1,1
23,0,0,1,0,0,0,1
24,0,0,0,1,1,0,1
20,0,0,0,1,0,1,1
52,0,1,0,1,0,1,1
26,0,0,2,1,0,1,1
33,0,0,1,1,1,1,1
30,1,5,7,1,1,0,0
32,0,8,2,1,0,0,1
47,0,3,2,1,0,0,1
33,1,4,1,1,0,0,1
38,1,7,39,1,1,1,0
20,1,0,0,1,0,1,1
35,0,4,13,1,1,0,1
44,1,6,270,1,0,0,1
42,0,1,-1,1,1,1,1
44,1,8,4,0,0,0,1
53,1,18,41,0,0,1,1
35,0,0,1,0,1,0,1
35,0,1,1,0,0,1,1
21,1,0,0,1,0,0,0
27,0,2,0,1,0,1,1
30,0,2,0,1,0,0,1
30,0,0,0,0,0,0,1
26,0,0,0,1,1,0,1
40,0,0,-1,0,0,0,1
32,1,6,9,0,0,0,1
23,1,0,0,1,0,0,1
20,1,0,2,1,0,1,1
29,1,3,1,1,0,1,1
53,0,18,1,1,0,0,1
25,1,3,80,0,0,1,0
44,0,1,0,0,0,1,1
27,0,1,5,1,0,0,1
24,1,6,3,1,1,0,0
26,0,2,-1,0,0,1,1
44,0,9,25,1,0,1,0
32,0,0,1,0,0,0,1
30,1,10,7,1,0,1,1
25,1,7,127,1,0,1,0
62,0,0,-1,0,0,0,1
43,0,2,0,1,0,1,1
52,0,0,0,1,0,0,1
51,1,1,1,1,0,0,1
44,0,0,0,0,0,0,1
32,1,10,6,1,0,0,1
27,0,8,0,0,0,1,0
20,0,0,30,1,0,1,0
58,0,0,1,0,0,1,1
42,0,0,1,0,1,0,1
40,1,0,29,0,0,0,0
23,1,3,43,1,0,1,1
64,0,0,4,1,1,1,1
44,0,0,1,0,0,0,1
24,0,0,0,1,0,0,1
27,1,0,-1,0,0,0,1
26,0,0,2,0,0,1,1
51,0,1,1,0,0,0,1
21,1,0,0,1,0,0,1
46,0,1,0,0,0,0,1
21,1,0,1,1,0,0,1
51,0,2,24,1,0,1,1
24,0,0,0,1,1,1,1
28,1,5,0,1,0,1,1
19,1,1,3,1,0,1,1
53,0,1,6,1,0,0,1
52,1,17,29,1,0,1,1
33,0,1,1,1,0,1,1
21,1,2,1,1,1,1,0
21,0,2,2,1,0,0,1
28,0,0,0,0,1,0,1
34,0,1,0,0,0,0,1
38,1,7,1,1,0,0,1
56,0,0,1,1,0,0,1
31,1,3,0,0,0,0,1
61,1,4,2,0,0,1,0
22,1,5,19,1,0,1,0
33,0,0,2,1,1,1,1
31,1,7,1,0,0,1,1
42,0,5,2,1,0,1,1
32,1,4,6,1,1,1,0
24,0,1,0,1,0,1,1
37,0,0,0,0,0,1,1
34,0,1,4,1,0,0,1
39,1,13,1,1,0,1,0
21,1,3,9,1,0,1,1
38,0,1,4,1,0,0,1
27,1,6,0,0,0,1,0
40,1,8,43,0,0,1,1
31,1,10,1,1,0,1,1
25,1,7,3,0,0,1,0
27,1,7,10,1,0,1,1
48,0,7,0,1,0,0,1
67,0,3,1,1,0,0,1
38,1,3,1,1,0,0,0
22,0,0,5,1,1,1,1
52,0,2,3,0,0,0,1
29,1,8,13,1,0,1,0
42,0,6,1,0,0,0,1
27,1,0,47,1,0,0,0
26,1,1,13,0,0,1,1
30,0,0,1,0,1,0,1
55,0,1,0,1,1,1,1
24,1,2,12,0,0,1,1
34,0,0,116,1,0,0,1
23,0,0,1,0,0,0,1
30,0,6,6,1,0,0,1
32,0,0,0,0,0,1,0
23,1,0,3,1,0,0,1
29,1,0,1,1,1,0,1
31,1,1,1,0,1,0,1
31,1,0,1,0,1,1,1
34,0,22,1,1,0,1,0
57,0,19,1,1,0,1,1
37,0,0,0,0,0,0,1
23,1,1,1,1,0,1,1
34,1,10,0,1,0,1,0
18,1,4,23,1,0,1,1
39,1,0,0,1,0,1,1
61,1,15,1,1,0,1,1
34,0,1,1,1,0,0,1
28,1,0,2,0,0,0,1
62,0,2,3,1,0,0,1
38,0,0,0,0,0,0,1
57,0,12,50,1,0,1,0
50,0,10,0,1,0,0,1
27,1,3,3,1,1,1,0
57,1,0,-1,0,0,0,1
60,0,3,0,0,0,1,1
42,0,4,0,0,0,1,1
31,0,15,-1,1,0,1,0
30,1,0,0,0,0,1,1
45,1,0,0,1,0,1,1
37,0,2,0,0,0,1,1
22,1,1,0,1,0,0,1
27,1,17,1,1,0,1,1
29,0,2,37,1,0,1,1
21,1,0,0,1,0,1,1
26,1,0,1,0,0,0,1
26,1,2,4,1,0,1,1
24,1,0,1,1,0,1,0
29,0,2,1,0,0,1,1
61,0,11,1,1,0,1,1
38,0,0,1,0,0,0,1
40,0,3,1,1,0,0,1
28,0,5,0,1,0,1,1
57,0,0,1,0,0,0,1
58,1,5,1,1,0,0,1
28,0,1,0,1,0,1,1
29,0,5,258,1,0,0,1
41,0,2,1,0,0,0,1
52,1,5,6,1,0,0,1
54,1,8,-1,1,0,1,1
20,0,0,11,1,0,1,1
27,0,0,17,1,0,1,1
27,1,0,1,1,0,0,1
22,0,0,35,1,0,1,1
26,1,6,4,1,0,1,0
36,1,0,37,1,0,0,0
30,1,6,17,1,0,0,0
27,0,0,1,0,1,0,1
30,1,1,1,1,0,0,1
52,0,7,0,1,0,0,1
27,0,2,10,1,0,0,1
29,1,2,0,0,0,0,1
31,1,4,29,1,0,0,0
23,1,4,0,1,0,1,0
31,0,3,0,0,0,0,1
22,0,0,0,1,1,1,0
52,1,1,70,0,0,1,1
34,0,0,0,0,0,0,1
27,0,1,8,1,0,1,1
32,0,0,0,1,0,0,1
31,0,0,0,0,0,1,1
30,0,0,0,0,1,1,1
31,1,5,0,0,0,1,0
29,1,10,29,1,0,1,0
37,1,1,0,0,0,1,1
27,1,1,1,1,0,1,1
34,0,4,0,0,0,1,1
24,1,1,0,1,0,0,1
29,0,0,0,0,0,1,1
35,0,2,8,1,0,0,1
22,1,1,5,0,0,0,0
29,0,1,-1,0,1,1,1
28,1,12,76,1,0,1,0
32,1,1,21,0,0,1,1
33,1,3,3,1,0,1,1
29,0,0,0,0,0,1,1
20,1,1,0,1,0,1,1
31,1,1,17,1,0,0,0
28,1,0,1,0,0,0,1
46,0,1,29,1,1,0,1
34,0,1,0,1,0,0,1
27,1,2,132,1,0,1,1
49,1,0,1,1,0,0,1
30,1,21,0,1,0,1,1
26,1,8,26,0,0,1,1
38,0,0,4,1,1,1,1
52,1,6,1,1,0,0,1
27,1,6,0,1,0,1,1
28,0,2,1,0,0,0,1
48,0,0,11,1,0,0,1
52,0,0,0,1,1,0,1
26,1,4,0,1,1,0,1
25,1,1,0,1,0,1,1
39,0,1,1,1,0,1,1
32,0,0,0,0,0,1,1
60,1,18,3,0,0,0,1
31,0,0,0,1,0,0,1
25,1,9,0,1,0,0,0
21,1,0,0,0,0,0,1
24,1,15,2,1,0,1,0
43,1,22,26,0,1,0,0
36,1,9,3,1,0,1,1
35,0,2,0,0,0,1,1
23,0,0,0,1,0,1,1
22,0,2,1,1,0,1,0
26,0,3,2,0,0,0,1
29,0,2,160,1,0,1,0
34,1,11,0,1,0,1,0
24,0,1,2,1,0,0,1
29,1,0,1,0,0,0,1
49,1,6,0,0,0,1,1
52,0,1,0,1,0,0,1
43,1,1,64,1,0,0,1
21,1,1,1,1,0,1,0
39,0,6,0,1,1,1,1
21,1,1,86,1,0,1,0
22,1,0,1,1,1,1,1
20,0,0,0,1,0,1,1
29,1,6,22,1,0,1,1
22,1,0,1,1,1,0,1
57,0,1,0,0,1,0,1
52,0,4,1,0,0,1,1
31,1,4,26,0,0,0,1
28,0,5,27,0,0,1,1
36,0,2,0,1,0,1,1
21,1,0,3,1,0,1,1
23,0,2,237,1,0,1,1
24,0,1,0,0,1,0,1
33,0,4,-1,1,0,1,1
67,0,0,0,1,0,0,1
28,1,7,1,1,0,1,1
25,0,0,0,1,0,1,1
22,0,0,1,1,0,1,1
21,0,0,0,1,0,0,1
49,0,2,1,0,0,0,1
27,0,4,0,1,0,1,1
59,0,1,0,1,0,1,1
23,1,3,9,1,0,0,1
31,0,1,0,1,0,0,1
53,1,3,2,0,0,0,1
48,1,1,0,0,0,0,1
59,0,2,18,1,0,0,1
21,1,0,1,1,0,1,1
29,1,3,1,0,0,1,1
29,1,0,1,1,1,1,1
33,0,1,3,1,0,0,1
47,0,1,1,0,0,1,1
34,0,4,1,0,0,1,1
45,1,12,3,0,0,1,0
39,0,2,1,0,0,1,1
31,0,10,1,1,1,1,0
30,0,0,1,0,0,0,1
31,0,0,2,1,0,0,1
24,0,0,1,1,1,0,1
33,0,1,0,0,1,0,1
36,1,1,31,1,0,1,0
56,0,13,6,1,0,0,1
37,0,3,29,1,1,1,1
24,1,9,8,0,1,0,0
31,0,15,135,1,0,1,1
26,1,1,0,1,0,1,0
25,1,0,1,0,0,1,1
26,0,0,0,1,1,1,1
19,1,0,1,1,1,0,1
23,0,0,0,0,1,1,1
22,0,0,2,1,1,0,1
27,1,2,0,1,1,0,1
31,0,3,0,0,0,0,1
47,1,3,12,0,0,0,1
26,0,0,0,0,0,0,1
52,1,0,0,0,0,1,1
24,1,9,10,0,0,0,0
49,1,2,91,1,0,0,1
35,0,4,1,0,1,0,1
26,1,3,13,1,0,1,0
50,0,2,1,1,0,0,1
41,1,7,1,1,1,1,1
24,1,11,77,0,1,1,0
36,1,1,1,0,0,0,1
32,0,2,1,0,0,1,1
22,1,4,2,0,0,0,0
33,1,3,11,0,0,0,1
24,0,0,1,1,0,1,1
22,1,1,-1,1,0,1,1
23,0,2,7,1,0,0,1
25,1,2,0,0,1,0,1
54,0,0,0,0,1,0,1
22,0,0,0,0,0,0,1
41,0,0,0,0,1,0,1
21,1,2,8,0,0,0,0
30,0,1,0,1,1,1,1
41,1,8,2,1,0,1,1
27,1,7,4,1,0,1,0
21,1,2,86,1,0,1,0
20,1,2,23,1,1,1,0
27,1,2,62,1,1,0,1
27,1,0,1,1,0,0,1
48,1,7,4,0,0,1,1
34,0,3,0,0,0,0,1
35,0,1,-1,0,0,1,1
58,0,3,2,1,0,0,1
27,0,2,1,1,0,0,1
62,1,22,33,1,0,1,0
32,1,0,0,1,0,1,1
54,0,0,1,1,0,1,1
41,0,9,2,0,0,1,0
22,1,1,1,1,0,0,1
35,1,0,87,1,0,0,1
19,1,0,2,0,0,0,1
28,0,5,51,1,0,1,0
25,1,4,43,1,0,1,1
37,0,3,0,0,0,1,1
32,0,1,0,1,1,0,1
20,1,0,-1,0,1,1,1
24,0,0,0,0,1,0,0
49,1,1,0,0,0,1,1
20,1,1,35,1,0,0,0
44,0,16,81,0,0,0,1
23,1,2,19,0,0,0,1
38,0,0,0,1,1,0,1
60,1,19,39,1,0,1,0
41,0,0,1,1,1,0,1
21,0,1,0,0,0,1,0
37,1,0,0,1,0,1,1
28,0,0,0,1,0,0,1
64,0,0,0,0,0,0,1
59,1,15,14,0,0,1,1
61,0,0,2,0,0,0,1
34,0,0,1,1,0,1,1
49,0,4,35,0,0,1,1
39,0,2,18,1,0,0,1
24,0,0,0,1,1,1,1
46,0,3,14,1,0,0,1
22,0,1,236,1,0,0,1
35,0,2,13,1,0,0,1
34,0,6,0,1,1,1,1
56,0,0,0,0,1,0,1
28,0,14,0,1,0,0,0
57,0,0,0,0,1,0,1
23,1,2,2,1,0,1,1
30,1,6,2,1,0,1,1
35,1,12,0,1,1,1,1
42,0,0,4,0,0,0,1
43,1,0,1,0,0,1,1
32,1,6,2,1,0,0,1
41,1,1,0,1,0,0,1
61,0,2,0,0,0,1,0
35,1,7,2,1,1,1,1
24,0,0,0,0,1,0,1
45,1,0,3,0,0,0,1
40,0,3,1,1,0,1,1
20,0,0,0,1,1,1,1
38,1,9,13,1,0,1,0
54,0,3,0,1,0,0,1
69,0,0,0,1,0,0,1
22,1,2,1,1,0,1,1
49,1,29,0,1,0,1,1
40,0,0,1,1,0,1,1
20,1,0,209,1,0,1,0
43,0,0,0,0,0,0,1
35,0,1,28,0,1,0,1
50,0,5,31,1,0,1,1
26,0,1,7,0,0,1,1
24,1,2,0,0,0,1,1
38,0,0,0,1,1,0,1
26,1,4,0,1,0,1,0
40,0,1,41,1,0,0,1
26,0,0,0,0,1,1,1
46,0,0,1,1,0,0,1
49,0,0,1,0,1,0,1
33,0,2,14,1,0,0,1
26,0,1,-1,1,0,0,1
60,0,0,2,1,0,1,1
21,1,1,1,1,0,1,1
54,1,4,3,1,0,1,1
20,1,0,2,1,1,1,1
36,1,13,2,1,0,1,0
26,0,0,1,1,0,1,1
34,0,0,0,0,0,0,1
53,0,0,1,1,1,0,1
37,0,0,0,1,0,0,1
24,0,6,7,1,0,0,0
27,0,1,0,1,0,0,1
33,0,2,1,0,0,1,1
29,0,0,1,1,0,1,1
36,0,0,0,0,0,0,1
43,0,0,1,0,1,1,1
55,1,0,30,0,0,0,1
37,0,0,13,1,0,1,1
38,0,9,2,1,0,1,1
27,1,1,1,1,0,1,1
33,1,0,0,1,0,0,1
27,0,0,1,1,0,0,1
27,0,2,1,0,0,1,0
31,0,15,104,1,0,1,0
37,1,8,1,1,0,1,1
29,0,2,1,1,0,1,1
52,0,1,0,1,0,0,1
31,1,7,1,0,0,0,0
39,0,3,1,1,0,1,1
26,1,5,6,1,0,1,1
29,1,0,1,0,0,1,0
26,1,1,0,0,0,0,1
34,1,0,31,1,1,0,0
29,0,0,2,1,0,1,0
47,0,4,0,1,0,1,1
34,1,5,0,1,0,0,1
21,1,1,1,1,0,1,1
58,1,24,3,1,0,1,1
30,0,8,0,1,0,1,1
21,0,1,22,1,0,1,1
42,1,1,51,1,0,0,1
74,0,0,0,0,0,0,1
20,0,0,1,0,0,0,1
26,0,0,0,0,0,1,1
42,0,1,-1,0,0,0,1
35,0,2,1,0,0,1,1
34,0,10,1,1,0,1,1
56,0,24,6,1,0,1,0
31,1,2,-1,1,0,1,1
39,1,10,0,1,1,0,1
20,1,1,1,1,0,1,1
29,1,4,3,1,0,0,1
37,1,0,35,1,0,0,1
27,0,2,83,1,0,1,1
47,1,4,64,1,0,1,0
34,0,5,4,1,0,1,1
25,1,0,1,0,0,0,1
47,0,4,0,0,1,1,1
23,0,2,0,1,0,1,1
38,0,0,1,1,0,0,1
29,0,3,0,1,1,0,1
45,0,2,11,1,1,1,1
32,1,2,19,1,0,1,0
59,0,0,1,0,0,0,1
26,1,7,0,1,0,0,0
29,1,5,0,1,0,1,0
44,0,4,1,1,0,0,1
54,0,2,188,1,0,0,1
30,1,4,0,0,0,0,1
47,0,5,2,1,0,1,1
69,0,0,0,1,0,0,1
25,0,1,-1,1,0,1,1
38,1,2,0,1,0,0,1
58,1,16,68,1,0,1,1
34,0,0,-1,1,0,1,1
42,0,0,0,0,1,0,1
32,1,1,0,1,0,0,1
47,0,0,0,0,0,0,1
25,0,0,0,0,0,1,1
34,0,5,1,1,0,0,1
41,1,6,1,1,0,1,1
36,0,1,1,0,1,1,1
43,0,2,2,0,0,1,1
52,1,2,33,1,0,1,0
23,1,0,7,1,0,0,1
52,0,0,0,0,0,0,1
21,1,1,0,1,1,1,1
34,0,27,0,0,0,1,1
23,1,0,0,1,1,1,1
37,1,3,2,0,0,0,1
49,1,3,0,1,0,1,1
22,1,11,0,1,0,1,0
33,1,13,0,1,0,1,1
44,0,0,1,0,0,0,1
30,1,1,33,1,0,0,0
54,0,10,30,1,0,1,1
34,0,2,1,0,0,0,1
30,1,19,9,1,0,1,0
36,1,1,6,1,1,1,1
29,1,3,0,1,0,0,1
23,0,1,0,0,1,0,1
23,0,4,2,1,0,0,0
27,0,1,2,0,0,1,1
31,1,1,39,1,0,0,1
28,0,9,36,1,0,0,0
30,1,0,1,0,0,0,1
23,1,0,2,1,0,1,0
22,0,1,0,1,0,1,1
43,0,0,0,0,0,0,1
47,1,5,0,0,0,0,1
31,1,3,1,1,0,0,1
66,1,11,5,1,1,1,0
31,0,0,2,1,0,1,1
26,1,7,2,1,0,1,0
36,0,0,280,1,0,1,1
36,0,1,0,0,0,0,1
52,0,1,0,1,0,0,1
43,1,0,0,0,1,0,1
44,0,2,1,1,0,1,1
24,0,1,0,1,1,1,1
24,1,0,182,1,0,1,1
33,0,6,0,0,0,1,1
56,0,6,0,1,0,0,1
27,0,3,1,0,0,1,1
27,1,4,1,1,0,1,1
42,1,0,7,1,0,1,1
25,1,2,0,1,1,1,0
41,0,0,0,0,0,0,1
53,1,6,8,0,0,1,1
51,0,3,0,1,0,1,1
52,0,0,0,0,1,0,1
34,0,12,34,1,0,1,1
40,1,1,0,1,0,1,1
40,0,21,29,1,0,1,1
36,1,9,1,0,0,0,1
33,0,9,0,1,0,0,1
41,0,7,58,1,0,1,0
24,0,2,2,1,1,0,1
34,0,1,0,1,0,1,1
45,1,13,6,0,0,1,1
31,1,3,15,1,0,1,1
27,0,1,16,0,0,1,1
23,0,0,2,0,0,0,1
48,0,1,2,1,0,0,1
30,1,14,22,1,0,1,1
55,1,17,25,1,0,1,0
65,0,0,1,0,1,0,1
53,0,1,1,0,0,0,1
44,1,1,0,1,0,0,1
68,0,6,2,0,0,1,1
55,0,0,10,0,0,0,1
61,0,1,-1,0,1,0,1
31,1,8,3,0,0,1,0
37,0,3,241,1,0,0,0
28,0,5,34,1,0,1,0
24,1,14,180,1,0,1,0
61,0,0,0,1,0,0,1
51,0,8,25,0,0,1,1
51,0,5,4,0,0,1,1
29,1,2,2,0,0,1,1
22,1,0,0,0,0,1,1
27,1,4,1,1,0,1,1
43,1,0,1,1,0,1,1
40,0,4,2,1,1,0,1
29,0,2,3,1,0,0,1
36,1,2,46,0,0,1,0
26,1,0,1,1,0,0,1
23,0,3,33,1,0,1,0
30,0,7,17,0,1,0,1
26,1,7,1,1,0,1,0
25,1,1,0,1,0,1,1
33,0,8,2,1,0,1,1
22,0,0,1,1,0,1,1
27,0,0,1,0,0,0,1
28,1,6,5,0,0,1,1
51,0,4,7,0,0,1,1
31,1,5,11,1,0,1,1
21,1,6,0,1,0,1,0
34,1,2,0,1,0,0,1
34,0,5,1,1,1,1,1
26,0,0,1,1,0,0,1
48,0,4,1,1,0,0,1
20,0,0,0,1,0,1,1
47,0,0,0,0,1,1,1
39,1,1,0,1,0,0,1
29,0,0,0,1,1,0,1
53,0,6,0,1,0,1,1
25,0,4,1,1,0,0,1
20,1,5,1,1,0,1,0
27,1,5,6,1,0,0,1
43,0,2,-1,1,0,1,1
29,0,0,0,0,0,0,1
24,1,1,0,1,0,1,1
20,1,1,1,1,0,0,1
39,0,1,0,1,1,1,1
47,0,0,1,0,0,0,1
28,0,5,1,0,0,1,1
31,1,4,5,1,0,0,1
23,0,2,1,1,0,0,1
50,0,8,11,1,0,0,1
25,0,6,0,0,0,1,1
27,1,0,0,0,1,0,1
57,1,1,25,1,0,1,1
37,0,2,1,0,1,0,1
24,0,1,10,1,0,0,1
42,0,7,0,1,0,1,1
71,0,1,3,0,0,0,1
21,0,0,0,1,0,0,1
30,1,3,12,1,0,0,1
42,0,1,2,0,0,0,1
26,0,0,0,1,1,0,1
33,0,0,0,1,0,1,1
33,0,0,0,0,0,0,1
39,1,21,0,1,0,1,0
56,0,1,1,1,1,0,1
25,0,0,0,0,0,1,1
37,0,0,1,0,1,1,1
27,0,1,2,0,0,1,1
30,1,6,0,0,0,0,1
56,1,31,0,1,0,1,1
29,1,1,0,1,0,0,1
52,0,6,33,0,1,0,1
22,1,0,0,0,0,1,1
28,1,0,0,1,0,0,1
24,1,5,1,1,0,1,0
52,0,2,3,1,0,1,1
32,0,1,2,1,0,0,1
30,1,1,0,1,0,0,1
50,0,4,13,1,1,1,1
48,1,3,1,1,0,1,1
37,0,2,1,0,0,0,1
27,0,10,7,1,0,1,0
32,0,0,0,1,1,0,1
21,1,3,-1,1,0,1,1
55,0,0,0,0,0,0,1
34,1,0,1,1,0,0,1
22,1,3,7,1,0,1,1
49,0,0,0,1,0,0,1
30,1,1,2,1,0,0,1
30,1,4,1,0,0,1,1
43,1,1,0,0,0,0,1
24,1,3,0,1,0,1,1
37,0,1,3,1,0,1,0
63,1,0,3,0,0,0,1
67,0,0,42,0,0,0,1
20,1,1,0,1,0,1,0
24,0,0,1,0,1,0,1
51,0,0,0,0,0,0,1
30,1,13,1,1,0,0,0
29,1,1,2,0,1,0,1
26,0,1,14,0,0,1,1
59,1,2,6,0,0,0,1
27,1,0,0,0,0,1,1
21,0,0,1,0,0,1,0
21,1,1,36,1,0,0,1
50,1,18,248,1,0,1,0
23,1,1,1,1,0,1,0
29,0,0,-1,0,0,0,1
21,0,1,1,1,0,1,0
30,1,1,0,0,0,0,1
63,0,0,0,0,1,0,1
29,0,0,47,1,1,0,1
31,0,0,0,0,1,0,1
33,0,3,0,1,0,1,1
32,0,0,7,1,0,0,1
26,0,0,0,0,0,1,1
44,0,0,1,1,0,1,1
35,1,4,353,1,0,1,0
26,1,2,3,1,0,1,1
34,0,15,1,1,0,0,1
45,0,1,0,0,0,0,1
31,0,5,0,0,0,1,0
43,1,3,2,0,0,0,1
55,1,13,0,1,0,0,1
28,0,2,6,0,0,1,1
42,1,2,1,1,0,0,1
36,1,7,7,1,1,0,1
31,0,2,1,1,0,1,1
29,0,0,2,1,1,1,1
22,0,0,0,0,0,0,1
29,0,5,1,1,0,1,0
24,0,4,0,0,0,0,0
28,0,2,3,1,0,0,0
29,1,1,1,1,1,0,1
20,1,1,40,1,0,0,1
40,0,2,1,1,0,1,1
35,0,1,0,1,0,1,1
21,1,2,28,1,0,1,1
49,1,7,3,1,0,0,1
28,0,1,1,0,0,1,1
37,1,5,6,0,0,1,1
52,1,6,1,0,0,1,1
41,1,3,1,0,0,0,1
26,0,1,0,1,0,1,1
55,1,0,-1,0,0,0,1
26,0,0,0,0,1,0,1
26,0,1,0,0,0,1,1
41,1,13,0,1,0,1,0
37,0,4,1,1,0,1,1
22,1,0,32,1,0,1,1
26,0,7,19,1,0,1,1
33,0,0,7,0,1,1,0
44,0,1,1,1,0,0,0
27,1,2,0,1,0,1,1
44,0,0,0,0,1,0,1
50,0,0,0,1,0,1,1
55,0,0,0,1,0,0,1
34,1,4,1,1,0,0,1
46,0,0,0,1,0,0,1
31,0,0,0,1,0,1,1
26,1,1,0,1,0,1,1
22,0,0,0,1,1,1,1
26,1,2,21,1,0,1,1
25,1,21,117,1,0,1,0
25,1,2,0,1,0,0,1
27,1,8,1,1,0,0,1
35,0,1,0,1,0,1,0
22,1,2,13,0,0,0,1
22,0,0,0,1,0,1,1
37,0,5,1,1,0,0,1
30,1,0,-1,1,0,0,1
27,1,2,1,1,0,1,0
29,1,0,1,0,1,0,1
50,0,5,5,1,0,0,1
25,0,1,0,1,0,1,1
21,0,1,0,1,0,0,1
28,1,9,1,1,0,1,0
24,1,1,0,1,1,1,1
26,1,10,5,0,0,1,1
24,0,0,1,1,1,0,0
31,0,3,61,1,1,1,1
59,0,1,62,0,0,1,1
35,0,6,0,1,0,1,1
59,1,1,0,1,0,0,1
30,1,0,0,1,0,1,1
19,1,3,30,1,0,1,1
61,1,2,3,1,0,0,1
29,1,16,33,1,0,1,0
30,1,11,6,1,1,1,1
27,1,8,0,0,0,1,1
54,0,0,-1,0,0,0,1
36,0,1,40,1,0,0,1
58,0,3,-1,0,0,0,1
36,1,16,1,0,0,1,0
36,0,0,0,1,0,1,1
37,0,0,0,0,0,0,1
28,1,4,0,0,0,1,1
24,1,2,10,1,0,1,1
28,1,9,12,0,1,1,0
21,0,1,1,1,0,0,0
30,0,1,1,1,1,0,1
29,1,0,12,1,0,1,1
36,1,0,0,0,0,1,1
59,1,1,0,1,0,0,1
27,0,0,0,0,1,0,1
37,1,2,51,1,0,0,1
31,1,0,30,1,0,0,0
53,1,6,10,1,1,0,1
29,1,3,1,1,0,0,1
26,0,0,0,1,0,0,1
26,1,0,1,1,0,1,1
31,1,6,31,1,0,1,0
34,0,5,0,0,0,1,1
25,1,13,5,1,0,0,1
22,1,1,1,0,0,1,1
40,1,7,6,1,1,0,1
24,0,0,0,0,0,0,1
34,0,3,0,0,0,0,1
21,1,0,1,1,0,1,0
21,0,0,0,1,0,0,1
24,0,0,15,1,0,0,1
30,0,10,93,1,0,1,0
36,0,0,0,1,0,0,1
35,0,5,0,1,1,1,1
22,1,0,6,1,0,0,1
33,1,1,4,0,1,0,1
26,1,4,1,1,0,1,1
41,0,1,62,1,0,0,1
51,1,8,1,1,0,0,1
21,1,1,242,1,0,1,0
29,0,1,14,1,0,0,1
27,1,1,0,1,0,1,1
20,1,2,0,1,0,1,0
24,0,1,0,0,0,1,1
39,1,1,2,1,1,1,1
35,1,0,-1,1,1,0,1
27,0,6,1,1,0,0,1
31,0,1,0,1,1,0,1
23,1,0,1,0,0,1,1
53,0,4,-1,1,0,0,1
45,0,1,1,1,1,0,1
21,1,0,0,0,0,1,0
52,0,0,0,1,0,1,1
28,1,5,2,1,0,1,1
38,0,0,0,1,0,0,1
35,1,0,57,0,0,1,0
49,0,0,0,1,0,0,1
53,0,0,0,0,1,0,1
42,0,0,1,1,1,0,1
33,1,0,0,0,1,0,1
29,0,1,2,1,0,0,1
22,1,1,17,1,0,0,1
23,1,4,133,0,1,0,0
34,1,20,26,1,0,1,0
28,0,1,9,1,1,0,1
35,0,2,-1,1,0,1,1
28,0,12,1,1,0,1,1
27,0,1,44,1,1,1,1
62,1,3,1,0,0,1,1
28,1,0,0,1,1,0,1
21,0,1,15,0,0,1,1
30,0,0,10,1,0,0,1
30,0,0,1,1,0,0,1
50,1,1,40,0,0,0,1
30,0,0,1,1,0,0,1
29,0,2,0,0,0,1,1
30,0,6,0,0,0,0,1
25,0,0,1,1,0,1,1
30,0,0,0,1,0,1,1
27,1,6,34,1,0,1,0
41,0,0,1,1,1,0,1
55,0,4,5,1,0,0,1
25,1,4,32,1,0,1,1
30,0,1,-1,1,0,1,0
25,1,2,0,1,0,1,1
34,1,5,1,1,0,0,1
43,1,0,1,0,1,0,1
49,1,3,34,1,0,0,0
62,0,0,1,0,0,0,1
21,1,3,4,1,0,1,1
28,1,3,4,1,1,1,1
32,0,5,1,0,0,1,1
20,1,0,25,1,0,0,1
22,1,1,103,1,0,1,0
45,0,6,1,1,0,1,1
48,0,6,5,1,0,0,1
42,1,2,0,1,0,0,1
24,1,1,57,1,0,1,1
35,0,4,11,1,0,1,1
24,1,4,1,1,0,1,1
39,1,1,10,0,1,0,1
42,0,3,0,1,1,0,1
39,1,16,35,1,0,0,0
19,1,1,8,1,0,0,0
66,0,0,1,0,0,0,1
29,0,3,1,0,0,1,1
25,0,7,0,1,0,0,0
23,0,1,0,1,0,1,1
29,0,5,0,1,0,0,1
39,0,0,0,0,0,1,1
32,1,4,44,1,0,1,1
23,0,3,1,0,0,0,1
44,0,3,0,1,0,0,1
20,1,1,2,1,0,1,0
54,1,10,0,1,0,1,1
22,1,1,4,1,0,1,0
24,0,0,2,1,1,1,1
34,0,1,23,1,0,1,1
49,0,1,24,1,0,1,1
46,1,15,6,1,0,1,1
26,1,3,47,1,0,1,1
35,0,0,0,1,0,1,1
25,1,5,0,0,0,0,1
24,0,0,1,0,0,0,1
34,0,0,108,1,0,0,1
61,1,20,30,0,0,1,1
35,1,3,1,0,0,0,1
35,1,1,1,0,0,1,0
45,1,6,1,1,1,0,1
69,0,5,1,1,1,0,1
27,0,0,1,0,0,1,1
26,1,1,27,1,1,1,1
27,1,2,7,0,0,1,1
28,1,10,3,0,1,1,1
21,1,0,-1,1,0,0,1
24,0,1,0,1,0,1,1
26,0,2,3,1,0,0,1
26,0,0,0,1,0,0,1
22,1,3,1,0,0,1,0
24,0,0,1,1,0,0,1
21,1,0,42,1,0,1,1
44,0,6,2,1,1,1,1
47,1,3,7,0,0,1,1
54,1,2,1,0,0,0,1
47,1,0,0,0,0,1,1
53,0,0,0,1,0,0,1
35,1,8,62,0,0,1,1
29,0,0,0,0,0,0,1
32,1,2,0,0,0,0,1
44,0,3,2,0,0,1,1
22,0,1,36,1,0,1,0
23,0,0,0,1,0,1,1
25,1,0,1,0,0,1,1
24,1,0,36,1,0,0,1
32,0,0,2,1,0,1,1
26,1,8,1,1,0,1,0
35,0,0,0,1,0,1,1
39,0,2,47,0,0,1,1
48,0,1,167,0,0,0,1
51,1,5,20,0,1,0,1
39,1,3,1,1,0,0,1
43,1,8,348,1,0,1,1
36,0,5,11,1,0,1,1
27,0,0,1,0,0,1,1
50,1,7,1,1,0,1,1
22,1,8,39,1,0,1,1
24,0,1,0,1,0,0,1
67,0,8,1,1,0,1,1
66,1,5,0,1,0,1,1
28,1,11,2,1,0,1,1
52,1,1,3,1,0,0,1
25,0,0,1,1,0,1,1
21,0,0,1,1,1,0,1
29,0,5,1,1,1,1,1
32,0,1,0,1,0,1,1
50,0,1,9,1,0,0,1
20,1,0,11,0,0,1,0
26,0,2,0,1,0,1,1
44,1,6,194,1,0,1,1
31,0,5,1,1,0,0,1
36,0,0,0,0,1,1,1
27,0,2,0,1,0,1,1
20,1,1,1,1,0,1,0
35,0,0,0,0,1,0,1
47,1,19,212,1,0,1,0
21,0,3,22,1,0,0,1
56,0,0,1,0,0,0,1
29,0,0,1,0,0,1,1
37,0,0,0,1,0,0,1
22,0,1,1,0,0,1,1
38,1,14,4,1,1,1,0
31,0,2,1,1,1,0,1
51,0,3,16,1,0,0,1
68,0,0,3,0,0,0,1
24,1,1,0,0,0,1,1
22,1,1,0,1,0,0,1
22,0,1,1,1,0,1,1
25,1,3,0,1,0,0,1
36,0,0,0,1,0,1,1
36,1,25,0,0,0,1,0
30,0,0,0,0,0,1,1
50,0,0,0,0,0,0,1
35,0,2,5,1,0,1,1
30,1,0,0,0,0,1,1
21,1,1,49,1,0,1,0
30,0,1,3,0,0,0,1
25,0,0,1,1,0,0,1
24,0,0,0,1,0,1,1
25,0,0,1,0,0,1,1
26,0,7,68,0,0,0,1
29,0,2,0,0,0,0,1
28,0,2,2,0,0,1,1
24,1,4,3,1,0,1,1
35,1,13,5,1,0,1,0
28,1,5,51,1,0,1,1
48,0,1,0,0,1,0,1
23,0,0,0,1,0,1,1
21,1,1,2,1,0,1,1
49,0,4,0,0,0,1,1
37,1,1,1,0,0,0,1
28,1,3,1,1,0,0,1
27,0,0,0,1,1,0,1
24,0,3,0,1,1,1,0
29,1,13,1,1,0,1,0
23,1,4,-1,1,0,0,1
29,0,0,1,1,0,1,1
25,0,0,0,1,0,1,1
52,1,4,7,1,0,0,1
59,0,1,1,1,0,1,1
30,1,7,38,1,0,1,0
50,0,0,30,1,0,0,1
51,0,0,1,1,1,0,1
26,1,3,0,1,1,1,1
43,0,0,0,0,1,0,1
49,0,4,5,1,0,0,1
54,0,4,1,1,0,1,1
21,1,0,6,1,0,0,1
62,0,0,3,0,1,0,1
27,0,0,0,0,0,1,1
21,1,0,1,0,0,0,1
61,0,12,241,1,0,1,1
34,0,0,1,1,0,1,0
53,0,20,3,1,0,1,1
23,1,5,4,1,0,1,0
30,0,0,0,1,0,0,1
55,1,5,3,1,0,1,1
31,1,5,1,1,0,0,1
31,0,0,80,1,0,0,0
33,1,2,-1,0,0,1,1
28,0,7,1,1,0,1,0
28,0,1,0,1,0,1,1
43,1,4,0,0,0,1,1
27,1,9,799,1,0,1,0
19,1,2,1,1,0,1,0
44,0,0,0,0,0,0,1
21,1,3,127,1,0,0,0
26,1,8,1,1,0,1,1
36,1,11,2,0,0,0,1
21,0,0,1,1,0,1,1
47,0,1,0,1,0,1,1
52,1,0,0,1,1,1,1
46,0,0,1,1,0,0,1
27,1,10,1,1,0,1,1
24,1,2,3,1,1,1,1
30,1,1,-1,1,0,0,1
28,1,5,3,1,0,1,1
66,0,0,0,0,0,0,1
58,0,0,0,1,0,0,1
26,0,0,1,0,0,0,1
26,1,1,0,0,0,1,1
20,1,0,0,1,0,1,1
21,0,0,0,1,0,1,1
23,0,0,3,0,0,1,0
26,0,0,0,0,0,0,1
36,0,0,0,1,0,1,1
53,1,2,7,1,0,1,1
22,0,0,0,0,1,0,1
41,1,8,65,1,1,1,0
29,1,6,0,1,0,1,0
29,1,8,6,1,0,1,0
23,1,2,116,1,1,1,0
39,0,0,18,1,0,1,1
21,0,0,0,0,1,1,1
38,1,3,1,1,0,0,1
30,0,0,-1,0,0,0,1
26,0,5,0,0,0,0,1
31,1,16,0,1,0,1,0
32,1,22,0,1,0,1,0
50,0,0,0,0,0,1,1
27,1,12,1,1,0,1,0
24,0,0,0,1,1,0,1
21,1,0,1,1,0,1,1
21,0,1,0,1,0,0,1
20,1,4,376,1,0,1,0
55,0,1,0,1,0,0,1
40,0,6,0,1,0,0,1
34,1,16,1,1,0,1,0
20,1,0,1,0,0,1,1
59,0,1,0,0,0,0,1
21,1,1,0,1,0,1,0
39,0,0,1,1,0,0,1
52,1,0,0,0,1,0,1
30,0,1,7,0,0,0,1
19,1,1,0,0,0,0,1
26,1,4,2,1,0,0,1
56,0,0,6,1,0,1,1
23,0,0,0,0,0,1,1
29,1,1,0,0,0,1,1
23,1,0,1,1,0,1,1
37,0,2,7,1,0,1,1
34,0,0,0,0,0,0,1
55,0,0,0,1,0,1,1
29,1,1,1,1,1,0,1
51,0,0,0,0,0,0,1
62,0,0,0,0,1,0,1
34,1,13,0,1,0,1,1
54,0,2,39,0,0,0,1
31,0,1,1,1,0,0,1
56,0,1,0,1,0,0,1
37,0,0,1,0,0,0,1
29,0,0,-1,0,1,0,1
55,0,0,0,0,0,0,1
35,0,4,2,1,1,1,1
28,1,3,8,0,0,1,1
47,0,0,1,0,0,0,1
45,0,0,1,0,0,0,1
34,1,12,1,1,0,1,1
36,1,17,15,1,0,1,0
36,0,0,0,0,1,0,1
46,1,9,115,1,0,1,0
24,1,0,15,0,0,1,0
30,0,1,1,1,0,0,1
29,1,9,14,1,1,1,1
25,1,3,2,0,0,1,1
46,0,2,1,0,0,1,1
32,1,17,112,1,0,1,0
40,1,5,30,1,0,1,1
55,0,0,0,0,0,0,1
43,0,2,1,1,0,0,1
33,1,7,78,1,0,1,1
26,1,0,1,1,0,0,1
34,0,14,3,1,1,1,0
68,0,2,0,1,0,1,1
35,0,4,1,0,0,1,1
49,0,1,1,1,0,0,1
34,0,0,1,0,1,1,1
34,0,1,2,1,1,1,1
28,1,2,2,1,0,0,1
23,1,2,22,1,0,1,1
28,0,0,0,1,1,1,1
48,1,20,46,1,0,0,0
40,1,5,55,1,0,1,0
41,0,13,2,1,0,1,1
23,1,2,1,1,1,1,1
28,0,3,0,1,0,1,1
23,0,1,1,1,1,1,0
32,0,4,3,1,0,1,0
25,1,2,0,1,0,0,1
30,0,3,65,1,0,0,1
23,0,1,0,1,0,1,1
28,0,0,0,1,0,0,1
26,0,0,0,1,0,0,1
20,0,0,0,1,1,1,1
46,0,0,1,1,0,0,1
24,0,0,0,0,1,1,1
53,1,10,4,1,1,1,1
20,1,0,1,1,0,0,1
22,0,0,0,1,0,0,1
46,1,26,167,1,0,0,1
35,0,5,6,1,0,1,0
21,1,3,0,1,0,1,1
32,0,3,0,1,0,0,1
37,0,3,0,0,0,0,1
31,1,7,77,1,0,1,1
34,0,0,0,0,1,0,1
21,0,0,46,1,0,1,1
42,0,1,0,1,0,1,1
50,1,9,28,0,0,0,1
20,0,0,-1,1,0,1,1
50,1,9,424,1,0,0,1
30,1,0,2,1,1,0,1
36,1,7,1,1,0,1,1
26,1,7,1,1,0,0,1
38,1,1,1,0,1,0,1
30,0,2,18,0,0,1,1
25,1,0,2,1,0,1,1
36,0,1,0,0,1,0,1
29,1,0,0,0,0,0,1
35,1,0,15,0,0,0,0
35,1,2,0,1,0,0,1
44,1,6,118,1,0,0,1
49,0,0,1,1,0,0,1
29,0,0,0,1,1,1,1
20,0,1,2,1,0,1,1
22,1,0,0,0,0,1,1
39,0,1,13,1,0,1,1
34,0,1,1,1,0,1,1
32,0,8,4,1,0,1,1
21,0,0,2,1,0,1,1
23,0,0,2,1,0,1,1
27,0,1,1,1,0,0,1
47,0,3,3,0,0,0,1
31,0,0,-1,1,1,1,1
25,0,3,1,1,0,1,1
49,0,0,0,0,0,0,1
27,0,0,1,1,1,0,1
27,1,2,0,1,0,0,1
35,1,6,10,1,0,1,0
28,0,0,0,1,0,0,1
30,0,3,206,0,0,1,1
24,1,2,1,1,0,1,1
39,0,0,0,0,0,0,1
21,0,0,3,1,0,1,1
45,0,1,0,0,1,0,1
31,1,16,482,1,0,0,0
45,0,3,1,0,0,1,1
26,1,4,1,0,1,0,1
29,1,0,343,1,1,0,1
62,0,3,0,0,0,0,1
31,0,0,67,1,0,0,1
25,1,0,21,0,0,0,1
30,0,0,0,0,0,0,1
26,0,0,2,1,0,0,1
32,1,8,7,0,1,0,1
26,0,1,0,0,1,0,1
53,1,0,1,0,0,1,1
30,0,4,54,0,0,1,0
23,1,0,1,1,0,1,1
58,0,1,79,1,0,0,1
44,0,1,0,1,1,0,1
27,0,0,3,1,0,1,1
31,1,9,26,1,1,0,1
26,0,0,1,0,1,1,0
33,1,12,1,1,0,1,0
32,0,14,1,1,0,1,0
34,1,11,1,1,0,1,0
25,1,5,14,0,0,0,0
43,0,0,1,0,1,1,1
22,1,3,8,1,0,1,1
21,1,0,35,0,0,1,0
22,1,1,0,0,0,1,1
26,1,0,3,0,0,0,1
57,0,1,19,1,0,0,1
46,1,0,2,0,1,0,1
29,1,15,1,1,0,1,1
24,0,1,0,1,1,1,1
44,1,0,0,0,1,0,1
24,1,3,3,0,0,0,0
44,0,2,-1,0,0,0,1
49,0,0,0,1,0,0,1
20,1,0,1,1,0,1,1
37,0,1,8,1,1,1,1
26,0,0,173,1,0,0,1
23,1,2,6,1,0,1,0
49,0,3,0,1,0,1,1
56,0,1,0,0,0,1,1
27,1,1,16,0,1,1,1
59,0,0,1,0,0,0,1
55,0,0,0,1,0,0,1
38,0,8,1,0,0,1,1
27,1,6,34,1,0,0,1
23,1,6,8,1,0,1,0
29,0,5,2,1,0,1,0
29,1,6,0,0,0,1,1
33,1,4,1,1,0,1,1
57,0,11,140,1,0,1,1
64,0,0,0,1,1,0,1
20,0,0,0,1,0,0,1
39,0,1,14,1,0,0,1
55,0,0,1,1,1,0,1
50,1,3,33,1,0,0,0
33,0,1,0,1,0,0,1
33,1,5,1,0,0,0,1
24,0,2,15,0,0,0,1
24,0,0,0,1,0,0,1
24,1,4,0,1,0,0,1
35,1,7,1,1,1,1,1
51,0,3,0,0,1,1,1
33,1,2,0,1,0,1,0
56,0,2,16,0,0,0,1
30,1,3,2,0,0,0,1
34,1,0,2,1,0,0,1
43,0,8,1,0,0,1,1
31,0,1,117,0,0,0,1
23,0,1,9,0,0,0,1
32,0,0,1,1,1,0,1
37,0,1,0,0,0,0,1
25,1,8,0,1,0,1,0
34,0,5,1,0,0,0,1
26,1,5,3,1,0,1,0
26,1,2,0,1,0,0,0
22,1,2,1,0,0,1,1
29,0,1,0,0,0,1,1
27,1,1,28,0,0,0,1
39,0,9,0,1,0,1,1
42,1,1,6,0,0,1,1
58,1,21,59,0,0,1,1
96,1,2,0,1,0,0,1
25,0,0,0,0,1,0,1
23,0,1,0,0,1,0,1
39,1,1,-1,0,0,1,1
28,1,7,0,1,0,1,0
40,1,10,4,1,0,0,1
22,0,3,1,0,1,1,0
49,0,0,-1,1,0,0,1
23,0,0,0,1,0,1,1
37,0,13,1,1,0,0,1
34,1,1,0,1,0,0,1
33,0,0,1,0,0,0,1
42,0,0,6,0,0,0,1
27,1,0,60,1,0,1,0
42,0,2,0,1,0,1,1
24,1,0,22,1,0,1,1
26,1,0,1,1,0,1,1
48,0,0,1,1,1,0,1
50,0,11,2,1,0,1,0
29,1,8,0,0,0,1,0
22,0,0,1,1,1,1,1
24,1,3,0,0,0,1,1
25,0,2,64,0,0,0,1
26,1,3,3,1,0,1,0
53,0,0,0,1,1,1,1
51,0,1,17,1,0,0,1
35,0,7,1,1,0,1,1
35,1,7,0,1,0,1,1
36,0,1,-1,0,1,1,1
29,1,6,39,1,0,1,0
68,0,5,0,1,1,1,1
35,1,7,1,1,0,1,1
25,1,3,0,0,0,1,0
35,0,0,1,0,0,0,1
32,1,4,1,1,0,1,1
22,1,0,6,1,1,1,1
27,0,0,0,1,0,0,1
26,0,1,0,0,0,0,1
29,1,6,0,1,0,0,1
23,0,0,0,1,0,0,1
26,0,5,2,1,0,1,1
47,0,0,0,0,1,0,1
31,0,6,0,1,0,1,0
22,0,3,0,1,0,1,1
57,0,0,6,1,0,0,1
46,0,2,19,1,1,0,0
39,0,3,2,0,1,1,1
32,0,5,-1,1,1,1,1
35,0,1,0,1,0,1,1
34,1,21,33,1,0,1,0
61,0,0,6,0,0,0,1
30,1,18,61,1,0,1,0
33,0,0,0,1,0,1,1
51,1,6,18,0,0,0,1
47,0,1,0,0,0,0,1
34,0,0,1,0,0,0,1
54,0,2,0,1,1,0,1
24,1,1,0,1,0,1,1
26,0,7,1,0,0,0,1
50,0,3,14,1,0,0,1
21,1,0,1,0,0,1,1
27,1,2,0,1,0,0,1
73,0,0,1,0,0,0,1
44,0,0,3,1,0,1,1
25,1,5,0,1,0,1,0
28,0,3,1,1,1,1,1
40,0,0,-1,0,0,0,1
46,0,1,0,1,1,0,1
29,1,4,0,0,0,0,1
26,1,24,0,1,0,1,0
21,0,2,27,0,0,0,0
55,1,0,0,0,0,1,1
29,0,0,0,1,0,1,1
23,0,0,0,0,0,0,1
39,0,1,0,1,1,1,1
48,1,5,0,1,0,1,1
29,1,17,15,1,0,1,0
57,0,0,1,1,0,1,1
37,0,0,0,0,0,0,1
32,0,3,1,0,1,1,1
25,0,1,59,1,0,0,0
39,1,2,1,1,0,0,1
56,0,5,0,0,0,0,1
59,0,0,1,0,0,1,1
22,1,1,0,1,0,1,1
32,0,0,0,0,0,1,1
47,0,2,6,1,0,0,1
58,0,3,0,0,0,0,1
53,0,1,0,0,0,0,1
36,0,9,57,1,0,1,1
32,0,9,0,1,0,1,0
38,0,0,2,1,0,0,1
23,0,1,3,0,0,1,0
36,0,5,0,1,0,1,1
28,0,0,0,0,1,1,1
39,0,4,40,1,0,1,1
26,0,2,-1,0,0,0,1
39,0,4,3,1,1,1,1
25,1,0,90,1,0,1,1
41,0,2,0,0,1,1,1
34,0,0,1,0,1,0,1
40,0,6,1,1,0,1,1
30,0,1,2,0,0,1,1
24,1,3,-1,1,0,0,1
22,1,0,32,1,0,0,1
22,1,0,0,1,0,1,0
28,0,3,45,0,1,0,1
60,0,0,13,1,1,0,1
20,0,0,0,1,1,0,1
56,0,4,2,1,0,1,1
30,0,3,0,0,0,0,1
41,0,3,0,0,0,0,1
21,1,0,1,1,0,1,0
29,0,4,0,1,0,0,0
35,1,3,9,1,0,0,1
25,1,2,1,1,0,1,1
52,0,0,-1,0,1,1,1
24,1,2,2,0,0,1,0
68,0,0,0,0,0,0,1
24,0,0,0,0,0,1,1
55,1,21,85,1,0,1,1
20,1,8,1,1,0,0,0
27,1,11,5,1,0,1,1
29,1,5,5,1,0,1,1
28,0,2,0,1,0,0,1
35,1,1,0,0,0,0,1
25,1,6,12,1,1,1,1
65,0,1,1,1,1,0,1
31,0,1,0,1,0,1,0
36,1,9,0,1,0,1,1
26,0,0,0,1,0,0,1
36,0,2,0,0,0,1,1
22,1,3,319,1,0,1,0
46,1,5,202,1,0,1,1
23,1,3,1,1,0,1,1
56,0,0,5,1,0,1,1
30,0,4,1,1,1,1,1
55,0,0,0,0,1,0,1
24,1,1,6,0,0,1,0
25,1,0,-1,1,0,1,0
22,0,0,0,1,0,0,1
20,1,1,14,1,0,1,0
34,0,2,1,1,0,1,1
32,1,10,3,1,0,1,1
23,1,5,1,1,0,1,0
21,0,1,0,0,0,0,1
25,1,5,4,1,0,1,0
65,0,0,0,1,1,0,1
49,0,8,24,1,0,0,1
29,0,0,0,1,1,1,1
45,0,2,0,0,0,0,1
59,0,1,5,1,1,0,1
32,1,2,1,1,0,1,1
28,1,1,4,1,0,0,1
28,0,2,1,0,0,0,1
44,0,0,1,0,1,1,1
43,0,0,1,0,0,1,1
27,0,3,0,0,0,0,1
27,0,0,2,0,0,0,1
27,1,6,39,1,0,1,1
27,1,11,223,1,0,1,0
23,1,6,135,1,0,1,0
34,0,2,1,1,1,0,1
52,0,3,13,1,0,0,1
63,0,0,0,1,0,0,1
50,1,2,0,1,1,0,1
24,1,1,1,0,0,0,1
28,1,3,0,0,0,0,1
23,1,0,0,1,0,1,1
31,1,9,0,1,0,1,0
29,1,7,4,1,0,1,1
24,0,2,3,0,0,1,1
24,0,0,2,1,0,0,0
35,1,3,0,0,0,1,1
21,0,0,2,1,0,0,1
28,1,2,10,1,0,0,1
38,0,0,0,0,0,0,1
30,1,8,1,0,0,1,0
43,1,13,51,1,0,0,1
22,0,3,33,1,0,1,0
57,0,0,0,1,0,0,1
29,1,2,1,1,0,0,1
78,1,1,0,0,0,0,1
27,0,5,2,0,0,0,1
21,0,2,36,1,0,1,0
31,1,1,0,1,1,0,1
25,0,6,24,1,1,0,1
32,0,0,0,1,0,0,1
27,0,0,0,0,1,0,1
29,1,10,108,0,0,1,0
29,1,6,0,1,0,0,1
25,1,6,0,1,0,1,1
25,1,8,0,0,0,1,0
55,0,1,0,1,0,1,1
25,0,2,58,1,0,1,1
79,0,1,1,0,0,0,1
21,1,2,140,1,0,1,0
37,0,0,1,1,1,1,1
21,0,1,1,0,0,1,1
32,1,17,0,1,0,1,0
27,1,12,31,1,0,1,0
28,1,6,0,1,0,1,0
25,1,6,4,1,0,1,1
28,0,6,0,1,0,1,1
43,0,1,1,1,0,0,1
27,1,0,0,0,0,0,1
35,0,1,1,1,0,0,1
43,0,5,0,1,0,0,1
23,1,3,26,0,0,0,0
21,0,1,-1,1,0,1,1
36,1,2,1,0,0,0,1
22,0,0,0,0,0,0,1
32,0,0,1,1,0,1,1
27,0,0,2,1,0,1,1
53,0,2,0,1,0,0,1
52,0,3,0,0,0,0,1
37,1,11,0,0,0,1,1
23,1,0,3,1,1,1,1
60,0,0,0,0,1,0,1
21,1,0,1,1,0,1,0
28,1,9,16,1,0,1,1
50,0,1,1,1,0,0,1
22,0,0,1,0,0,0,1
22,0,0,0,1,0,0,1
38,0,15,55,1,0,1,1
22,1,2,0,1,0,1,1
41,1,11,118,1,0,0,1
55,0,1,2,0,1,1,1
29,0,1,290,1,0,1,0
22,1,0,0,0,0,0,1
28,1,6,0,0,0,1,1
45,1,3,0,1,0,0,1
35,1,6,0,1,0,1,0
22,0,0,1,1,0,1,1
44,0,2,2,1,0,1,1
24,1,1,0,1,0,1,1
38,0,0,5,1,0,1,0
22,0,0,1,1,0,0,1
21,1,1,1,0,0,1,1
21,0,1,3,1,0,1,1
48,1,10,4,1,0,1,1
24,1,4,26,1,0,1,0
22,0,0,-1,1,0,1,1
21,1,3,1,1,0,0,0
20,1,1,0,0,0,1,1
30,0,2,0,1,0,0,1
20,1,1,6,1,0,1,1
22,1,1,36,1,0,0,1
28,0,0,5,0,0,1,1
36,1,1,2,1,0,0,1
27,1,4,54,0,1,0,0
34,0,4,0,1,0,0,1
34,1,2,23,0,0,1,1
57,1,9,58,1,0,0,1
30,1,5,2,1,0,1,0
35,0,1,0,0,1,0,1
37,1,4,1,1,0,0,1
34,1,12,11,1,0,1,0
35,0,7,1,1,0,0,1
28,0,0,0,0,0,1,1
29,1,3,0,1,0,1,1
39,1,22,3,1,1,1,0
22,0,0,2,0,1,0,1
23,1,2,58,1,0,0,1
26,0,15,42,1,0,1,0
45,1,5,1,1,0,0,1
60,1,0,3,0,0,0,1
50,0,3,0,0,0,1,1
28,1,8,20,1,0,1,0
41,0,0,3,1,0,0,1
28,1,2,0,1,1,0,1
48,0,12,-1,0,0,1,1
31,1,12,40,0,0,1,0
34,0,1,2,1,1,0,1
21,0,0,1,0,0,1,1
21,0,0,13,1,0,1,1
23,1,1,3,1,0,1,1
29,0,1,1,0,1,1,1
48,1,7,2,1,0,1,1
20,1,1,0,0,0,1,1
35,0,9,1,1,0,1,1
35,1,17,2,0,0,1,1
28,1,1,5,1,0,1,1
57,0,3,1,1,0,1,1
34,1,0,29,0,0,0,1
19,1,2,0,1,0,1,1
41,0,0,0,0,0,0,1
23,0,2,22,1,0,0,0
47,0,2,1,1,0,0,1
60,1,9,384,1,1,0,1
42,1,1,21,1,1,0,1
34,1,16,1,1,0,0,1
26,1,6,18,1,0,1,0
27,0,0,1,1,0,1,1
24,1,0,1,1,0,1,1
59,0,0,0,0,1,1,1
22,0,1,0,1,1,0,1
27,0,0,12,1,0,0,1
53,1,15,80,1,0,1,1
21,1,1,1,1,0,1,1
55,0,0,1,0,1,0,1
47,0,9,64,1,0,1,1
53,1,3,197,1,0,0,1
33,0,0,0,0,1,0,1
36,0,12,13,1,0,0,1
25,0,6,1,1,0,0,1
35,0,0,0,1,0,0,1
43,0,1,0,1,0,0,1
47,1,13,66,0,0,0,1
44,0,1,1,1,0,1,1
25,0,0,0,1,1,0,1
31,0,5,0,0,0,1,1
21,0,0,0,1,0,1,1
36,0,6,84,1,0,1,1
23,0,0,1,0,1,1,1
30,1,3,0,1,0,1,1
26,0,2,0,1,0,0,1
25,1,5,47,0,1,1,1
51,1,7,14,1,0,0,1
45,1,1,5,1,0,0,1
27,1,0,0,0,0,1,1
29,1,10,23,1,0,1,1
26,0,4,-1,1,0,0,1
59,0,2,12,1,0,0,1
25,0,2,12,0,0,0,0
31,1,2,15,0,0,0,1
41,0,1,29,0,1,0,1
23,0,1,0,1,0,1,1
52,0,3,0,1,0,1,1
49,0,4,3,1,1,0,1
33,1,5,0,1,1,1,0
61,1,8,30,1,1,0,1
47,0,0,0,0,0,0,1
21,0,0,0,1,0,0,1
43,1,3,1,0,1,0,1
24,1,2,0,1,0,1,1
41,0,0,0,0,1,1,1
33,1,0,0,1,0,1,1
20,1,1,1,1,0,0,1
56,0,0,0,1,0,0,1
33,0,0,40,1,0,1,1
47,1,0,4,0,1,0,1
42,1,17,32,1,0,1,0
20,1,0,0,1,0,1,0
42,0,1,0,1,1,1,1
31,1,19,0,1,0,1,0
29,1,7,1,1,0,1,1
29,0,0,0,0,0,1,1
22,0,1,0,1,0,1,1
40,0,4,1,1,0,0,1
27,1,5,6,0,0,1,1
31,0,0,0,0,0,0,1
24,1,2,0,0,0,1,1
30,0,1,1,0,0,1,1
28,1,0,0,1,1,0,1
72,0,1,1,0,0,0,1
40,0,15,54,1,0,1,0
30,0,18,17,0,0,1,0
25,0,0,44,0,1,1,1
49,0,0,73,1,0,0,1
30,1,1,1,1,0,1,1
22,0,3,128,1,0,1,1
38,0,0,1,0,1,1,1
21,1,1,0,1,0,0,1
33,1,7,0,1,0,0,0
26,1,1,4,1,0,1,0
57,0,1,1,1,0,1,1
23,0,1,0,0,0,0,1
50,0,2,30,0,0,1,1
29,0,0,0,1,1,0,1
34,0,1,1,1,0,1,1
47,0,2,27,0,0,0,1
21,0,1,1,1,1,0,1
24,1,3,8,0,0,0,0
46,0,0,-1,0,1,0,1
29,0,0,-1,0,0,0,1
41,0,0,0,1,0,1,1
21,1,4,0,1,0,0,0
32,1,24,2,1,0,1,1
30,1,6,0,1,0,1,1
45,0,9,75,0,1,1,1
21,0,0,0,1,0,1,1
52,1,0,1,0,0,1,1
28,0,1,2,1,0,1,1
52,0,0,1,1,0,0,1
29,1,5,1,1,0,1,1
25,1,11,531,0,0,1,0
23,1,8,255,1,0,1,0
50,1,1,0,1,1,0,1
21,0,1,0,0,0,0,1
38,1,5,2,0,0,0,1
39,0,2,8,1,0,0,1
33,1,9,14,0,0,1,1
52,0,1,24,1,0,0,1
24,1,5,0,1,0,1,1
40,1,3,0,1,0,1,0
41,1,4,0,1,0,0,1
24,0,0,4,1,0,1,1
23,1,2,1,1,0,1,1
36,0,1,0,1,0,0,1
22,0,0,0,1,0,1,0
34,0,1,2,0,0,1,1
29,1,9,214,0,1,1,0
39,0,6,0,1,0,0,1
22,1,6,0,1,0,0,0
27,1,8,17,1,0,1,1
37,1,11,1,1,0,1,0
24,0,1,1,0,0,0,1
25,0,2,0,1,0,0,1
23,0,0,1,0,0,0,0
57,0,2,0,1,1,0,1
55,0,0,2,0,0,0,1
52,0,1,3,1,1,0,1
34,1,5,25,1,1,1,0
40,0,3,13,1,0,1,1
20,1,0,0,1,0,0,0
47,1,7,57,1,0,1,1
51,1,1,0,0,0,1,1
47,1,22,3,1,0,0,0
45,1,21,1,1,0,0,1
23,0,1,5,0,0,1,0
30,1,10,0,1,1,1,0
52,0,20,27,1,0,0,1
27,0,0,2,0,0,1,1
30,0,0,0,0,0,1,1
25,0,0,0,0,1,1,1
33,1,1,3,1,0,1,1
30,1,9,44,1,0,0,0
36,1,16,8,1,0,1,0
27,1,9,52,1,0,1,0
40,1,11,0,0,0,1,1
23,0,0,1,0,0,0,1
26,1,0,0,0,0,1,1
55,0,2,13,0,0,0,1
22,0,3,2,1,0,0,1
29,0,0,1,0,1,1,1
33,1,3,1,1,1,0,1
33,0,2,4,0,0,0,1
28,1,8,0,0,0,1,1
25,0,2,18,1,0,1,1
46,0,0,5,1,0,0,1
57,0,2,2,1,0,0,1
46,0,0,1,1,0,0,1
38,0,1,0,1,0,0,1
62,0,0,1,0,0,0,1
21,0,4,60,1,0,1,0
37,1,7,69,1,0,0,0
22,0,0,0,0,0,1,1
31,1,4,24,1,0,1,0
39,0,1,4,0,0,1,1
39,0,1,0,1,0,1,0
31,1,0,0,1,1,0,1
25,1,14,7,1,0,1,0
30,1,8,64,1,0,1,0
24,0,1,0,1,0,1,1
42,0,1,0,1,0,1,1
30,0,0,1,1,1,0,1
21,1,1,0,0,0,1,1
34,0,0,0,0,0,0,1
30,0,2,0,0,1,1,1
35,1,0,1,1,0,1,1
31,0,6,41,1,0,1,1
37,1,1,0,1,0,0,1
44,0,1,0,0,0,0,1
20,0,0,1,1,0,0,1
30,1,0,0,1,0,1,1
50,1,2,9,1,0,0,1
30,0,0,0,1,0,0,1
25,0,0,0,0,1,0,1
34,1,3,2,0,0,1,1
35,0,0,0,0,1,1,1
57,0,0,0,0,0,0,1
41,0,0,177,1,0,1,1
23,0,0,1,1,0,0,1
32,1,3,37,1,0,1,1
58,0,0,0,0,1,0,1
25,0,0,0,0,1,1,1
32,0,4,0,1,1,0,1
21,1,4,33,0,0,0,1
21,0,1,1,1,0,1,0
31,0,7,1,0,0,1,1
33,0,0,0,1,0,0,1
24,0,1,2,0,0,0,1
50,1,2,0,0,0,1,1
25,1,1,1,0,0,1,1
41,1,8,0,1,0,1,1
23,1,2,1,0,0,1,1
25,0,9,2,1,0,1,1
23,1,1,1,0,0,1,1
53,0,1,0,0,0,0,1
27,1,1,0,1,1,1,1
21,0,1,1,1,0,0,1
32,1,7,0,1,0,1,0
34,1,9,0,1,0,1,1
21,0,1,0,1,0,1,1
40,0,3,1,1,1,0,1
47,1,7,1,1,0,1,1
23,0,2,0,1,0,0,1
23,1,0,0,0,1,1,1
26,1,0,0,1,0,0,1
26,1,2,2,1,0,1,1
32,0,1,0,1,0,0,1
47,0,0,1,0,0,0,1
33,0,0,1,0,1,1,1
32,0,2,0,1,0,0,1
53,1,8,5,1,0,1,1
41,1,9,0,0,1,0,1
24,0,0,2,1,0,1,1
58,1,0,1,1,0,1,1
36,1,3,0,1,1,1,1
32,0,6,27,0,0,0,1
39,1,0,0,1,0,0,1
31,0,0,0,0,0,0,1
37,0,0,1,0,1,0,1
44,1,1,0,0,0,0,1
38,0,2,19,1,0,0,1
26,0,1,8,1,1,0,1
29,0,1,0,1,0,0,1
24,0,7,1,1,1,1,0
21,1,0,1,1,0,1,0
39,0,1,39,1,1,0,1
44,0,0,0,1,1,1,1
32,0,0,1,0,0,0,1
28,0,21,1,1,0,1,0
36,0,9,1,0,0,1,0
51,1,4,1,1,0,0,1
23,1,10,4,1,0,1,0
50,0,4,26,0,0,0,1
23,1,3,3,1,0,0,1
22,0,0,1,1,0,0,1
38,1,1,7,1,0,1,1
26,1,5,27,1,0,1,1
28,0,0,0,0,1,0,1
34,0,1,2,1,0,0,1
25,1,4,86,1,0,1,0
36,0,0,1,0,0,1,1
36,0,2,1,1,1,0,1
45,1,7,0,1,1,0,1
47,0,1,17,1,0,0,1
37,1,4,1,0,0,1,1
35,1,2,2,1,0,0,1
25,0,3,7,1,0,0,1
24,1,11,51,1,0,1,0
46,1,0,0,1,0,0,1
44,1,0,0,1,0,1,1
22,1,1,0,1,0,1,1
24,0,2,91,1,0,0,0
32,1,1,1,1,0,1,1
59,1,17,23,1,0,0,1
21,0,0,3,0,0,1,1
43,1,1,5,0,0,1,1
43,1,1,69,1,0,0,1
25,0,3,1,1,0,1,0
46,0,0,0,1,0,1,1
23,1,0,0,1,0,0,1
22,1,0,1,1,0,1,1
36,1,4,1,1,0,0,1
31,0,2,2,0,1,1,1
32,1,1,0,0,0,0,1
31,1,1,32,1,0,0,1
25,0,0,0,1,0,0,1
26,0,0,0,0,1,0,1
23,0,1,0,0,1,1,1
27,1,15,1,1,0,1,0
54,0,0,1,0,0,0,1
41,0,9,9,1,0,0,1
46,0,3,1,1,0,1,1
32,0,1,10,0,1,0,1
53,0,8,13,1,0,0,1
20,0,0,0,1,0,1,1
33,0,2,1,0,0,0,1
24,1,0,1,0,0,1,0
49,0,3,0,1,0,0,1
27,1,2,9,0,0,1,1
28,0,1,0,0,1,0,1
28,1,4,5,1,0,1,1
22,1,0,-1,1,0,1,1
27,1,10,1,1,0,1,0
21,0,0,1,1,0,1,1
44,0,5,6,1,0,0,1
53,0,0,0,0,1,0,1
21,0,0,0,0,1,0,1
20,1,0,22,1,0,0,0
24,1,2,33,0,0,1,1
51,0,0,91,0,0,0,1
36,1,14,173,1,0,1,1
40,0,0,0,1,0,0,1
27,0,1,2,1,0,1,1
48,0,0,1,0,0,0,1
51,1,12,0,1,0,1,0
69,0,22,1,0,0,1,1
24,0,2,9,1,0,0,1
21,0,1,7,1,0,1,1
54,0,0,6,1,0,0,1
51,0,1,1,0,0,0,1
36,0,2,0,1,0,1,1
30,1,1,1,0,0,1,1
28,0,0,191,1,1,1,1
24,1,3,0,1,0,0,0
27,1,2,246,1,0,1,1
36,1,3,2,0,0,1,1
43,0,2,1,0,0,0,1
22,0,0,1,1,0,0,0
37,0,13,1,1,1,1,1
21,1,1,2,1,0,0,1
37,1,11,1,1,0,0,0
49,0,1,0,1,1,1,1
37,1,2,0,0,0,1,0
28,1,6,80,1,0,1,0
38,0,0,0,1,1,0,1
31,0,0,1,1,0,0,1
47,0,0,0,0,0,0,1
26,0,0,1,0,0,1,1
30,1,5,180,1,0,1,1
51,0,1,3,1,0,0,1
23,1,6,0,1,0,0,1
31,1,4,2,1,0,1,1
21,0,0,1,1,0,1,1
24,1,8,49,1,0,1,1
23,1,6,1,1,0,1,0
26,1,9,11,1,0,1,1
27,0,1,6,1,0,1,1
39,1,0,0,0,1,0,1
23,0,0,1,1,0,1,1
32,0,2,1,0,0,1,1
58,0,2,1,0,1,0,1
45,1,8,0,1,0,1,1
35,0,1,0,1,0,1,1
28,0,0,13,0,0,0,1
21,1,2,21,0,0,1,0
49,1,10,43,1,0,1,1
55,0,0,0,0,0,0,1
23,1,3,13,0,0,1,1
33,0,0,10,0,0,0,1
30,0,0,0,0,0,0,1
33,1,19,0,1,0,1,0
23,0,0,1,0,0,1,0
32,0,1,115,0,0,1,0
34,1,0,-1,0,0,0,1
23,1,0,5,1,0,1,1
22,0,2,1,1,1,1,1
53,0,1,1,1,0,0,1
39,1,0,2,1,0,0,1
34,1,10,2,1,0,1,1
47,0,1,1,1,0,0,1
47,0,3,0,1,0,1,1
49,0,1,0,0,1,0,1
33,0,3,0,1,0,0,1
37,1,12,0,1,0,1,0
19,1,1,-1,1,0,1,0
33,1,11,1,1,0,0,1
31,1,2,3,1,0,1,1
26,1,10,0,1,0,0,1
21,0,0,1,1,1,1,1
48,0,0,9,0,1,1,1
48,0,0,0,0,1,0,1
28,1,2,1,1,0,1,1
36,0,2,1,1,0,1,1
22,1,0,0,0,1,1,0
20,1,0,0,0,1,0,1
30,0,0,0,1,0,0,1
26,0,0,0,1,0,1,1
29,1,0,1,0,0,1,1
29,1,11,23,1,1,1,0
37,0,0,0,1,0,1,0
26,1,3,2,0,0,1,1
23,1,1,0,1,0,0,1
25,1,3,19,1,0,0,1
41,0,0,3,0,0,1,1
59,0,0,0,0,1,0,1
39,0,1,3,0,0,0,1
30,0,0,1,0,0,0,1
51,0,3,2,1,0,1,1
44,1,0,8,1,0,0,1
31,1,4,1,0,0,1,1
21,1,1,11,1,0,1,1
69,1,6,1,1,0,0,1
45,0,2,2,0,0,0,1
48,1,0,68,1,0,0,0
77,0,1,3,0,0,0,1
37,1,0,1,1,0,0,1
33,0,1,1,0,1,1,1
23,0,0,2,1,1,1,1
60,0,0,1,0,0,0,1
55,1,2,0,0,0,0,1
50,1,5,11,1,0,0,1
44,0,6,1,1,0,1,1
33,1,2,43,1,1,0,1
22,0,0,-1,1,0,1,1
22,0,2,0,0,1,0,1
31,1,5,1,1,0,0,1
31,0,9,0,1,0,1,1
34,1,13,1,1,0,1,1
31,1,9,27,0,0,1,0
35,0,9,1,1,0,1,1
59,0,1,0,0,0,0,1
29,0,0,1,1,0,0,1
57,1,0,0,1,0,1,1
24,0,0,0,0,0,1,1
32,0,0,6,0,0,0,1
33,0,0,0,0,0,0,1
33,1,3,7,1,0,1,1
45,0,1,128,1,0,0,1
39,1,7,0,1,0,1,0
38,1,8,9,0,0,1,1
31,0,6,25,1,0,1,1
25,1,9,84,1,0,1,0
48,0,2,1,1,0,1,1
30,0,0,1,1,0,0,1
36,1,1,0,1,1,1,1
21,1,0,0,1,0,0,0
26,0,0,2,1,0,1,1
20,1,0,0,0,0,0,0
21,1,1,3,1,0,0,1
23,0,0,2,1,0,0,0
30,0,1,1,0,0,1,1
62,0,0,0,1,0,0,1
24,1,3,7,1,0,0,1
34,0,5,1,1,0,0,1
49,1,4,17,0,0,0,1
30,0,4,7,1,0,1,1
30,0,2,63,1,0,0,1
29,1,0,0,0,0,1,1
24,0,0,1,1,0,0,1
32,0,7,0,1,0,1,1
27,1,0,-1,0,1,0,1
40,0,1,1,1,0,0,1
30,0,11,117,1,0,1,0
51,1,8,3,0,0,1,1
21,0,0,0,1,0,1,1
33,1,16,6,1,0,1,0
37,0,1,2,1,0,0,1
24,1,1,4,1,0,0,1
20,1,3,0,0,1,0,0
35,1,10,22,1,0,1,1
40,1,5,0,1,0,0,1
21,0,1,0,1,0,0,1
32,1,4,1,0,0,1,1
25,0,0,-1,1,0,0,1
45,1,10,1,1,0,1,1
31,1,15,4,0,0,1,0
31,0,6,3,1,0,0,1
24,1,1,1,1,0,1,1
57,0,6,1,1,0,0,1
23,1,4,0,0,0,0,1
25,1,6,0,1,0,0,0
27,1,5,28,1,0,1,0
30,0,3,0,1,0,1,1
31,0,0,2,1,0,0,1
21,0,0,1,0,1,1,1
56,1,10,41,1,1,0,1
35,1,3,9,0,0,0,1
36,0,1,1,0,0,1,0
31,0,0,0,0,1,0,1
26,0,0,1,0,0,0,1
50,0,0,1,0,1,0,1
20,1,0,0,1,0,0,1
44,0,11,180,0,0,0,1
45,1,15,0,1,0,1,1
28,1,0,0,1,0,0,1
24,1,1,1,0,0,1,1
48,0,0,0,0,1,1,1
34,1,16,1,1,0,1,0
34,0,2,1,0,0,0,1
28,1,1,1,0,0,1,1
21,0,1,0,1,0,1,1
22,1,1,15,1,0,1,1
36,0,1,0,1,0,0,1
33,0,2,258,1,0,1,1
25,0,1,13,1,1,1,1
26,1,2,19,1,0,0,1
40,0,1,0,1,0,0,1
22,0,1,4,1,0,1,0
33,0,0,0,0,0,0,1
37,0,0,2,0,0,1,1
56,0,1,1,1,0,1,1
32,0,3,120,1,0,0,1
19,1,2,1,1,0,0,0
51,1,6,0,1,0,0,1
27,1,7,2,0,0,0,0
34,1,5,3,0,0,1,1
23,0,1,1,1,0,1,1
33,1,2,2,1,1,1,1
32,1,3,-1,1,0,0,1
50,0,1,1,1,0,0,1
33,1,14,1,1,0,1,0
22,0,2,0,1,0,1,1
24,0,0,0,1,1,0,1
25,1,6,1,0,0,1,1
24,1,2,1,0,0,1,1
28,1,2,1,0,0,0,1
57,0,0,27,1,0,0,1
21,0,0,1,0,0,0,1
44,0,2,1,1,0,0,1
24,1,2,24,0,0,1,0
20,0,1,2,1,0,1,1
24,0,0,2,0,1,1,1
24,1,2,14,0,1,1,1
25,0,1,1,1,1,1,1
26,0,1,1,1,1,1,1
28,1,0,0,0,0,1,1
25,1,1,1,1,0,1,0
34,1,0,241,1,0,1,1
30,0,7,0,1,0,1,1
34,1,0,10,1,0,1,1
52,1,0,7,1,0,0,1
32,1,12,1,1,0,1,0
24,0,1,0,1,0,1,1
20,1,1,187,1,0,1,0
32,0,11,141,1,0,0,0
47,0,0,3,0,0,1,1
23,0,0,1,1,1,1,1
35,0,1,1,0,0,1,1
24,1,3,97,1,0,0,1
31,0,0,4,0,1,0,0
27,1,5,1,1,1,0,1
33,1,10,2,1,0,1,0
33,0,0,0,1,1,0,1
30,1,8,54,1,0,1,1
24,0,0,0,1,0,1,0
33,1,0,3,1,0,1,1
24,0,0,1,1,0,0,1
51,0,0,1,1,1,0,1
54,0,1,0,0,0,1,1
25,1,15,2,1,0,1,0
22,1,0,0,1,0,1,0
30,0,2,6,0,0,0,0
42,1,4,17,1,0,0,1
40,0,2,0,0,0,1,1
38,0,2,0,0,1,0,1
34,1,3,33,1,0,1,1
56,0,0,0,0,0,1,1
22,0,0,2,0,0,1,1
44,1,0,21,1,0,0,1
32,0,0,0,1,0,1,0
51,1,12,151,1,0,1,0
30,1,1,1,0,0,0,1
25,0,1,0,1,0,1,1
27,0,1,0,0,0,0,1
43,1,8,1,1,0,1,1
28,1,1,1,1,1,0,1
32,1,19,1,1,0,1,0
31,0,0,9,0,0,0,1
23,1,3,44,1,0,1,0
32,1,3,2,1,0,1,1
25,1,2,0,1,0,0,1
27,0,3,-1,0,0,0,1
28,0,1,1,0,0,1,1
44,1,4,5,1,1,0,1
29,0,0,13,1,0,0,1
49,1,3,0,1,0,1,0
25,1,8,29,1,0,1,1
20,0,0,1,0,0,1,1
23,0,0,0,1,0,0,1
23,0,1,-1,0,1,1,1
21,1,0,0,1,0,1,1
20,0,0,1,1,0,1,1
37,0,0,1,0,0,1,1
25,1,1,0,1,0,1,1
47,1,1,14,1,1,0,1
28,0,5,1,0,0,1,0
52,0,0,0,0,0,1,1
48,1,4,1,1,1,0,1
32,1,7,37,1,0,1,0
29,0,0,1,0,0,1,1
21,0,1,29,1,0,1,1
52,1,9,33,1,0,0,1
20,1,0,2,0,0,1,1
21,1,8,243,1,0,1,0
21,0,0,1,0,0,0,1
23,0,0,0,0,0,1,1
28,1,3,1,0,0,1,1
33,1,0,37,1,0,1,0
22,0,0,0,0,1,1,1
36,1,5,0,1,1,0,1
24,0,0,1,1,1,1,1
51,1,3,13,1,0,0,1
43,0,0,1,0,0,0,1
22,1,3,2,1,1,0,0
28,0,0,0,0,1,1,1
21,1,1,48,1,0,0,1
58,0,1,1,1,0,0,1
59,0,2,0,0,0,1,1
37,0,0,0,1,0,0,1
48,1,25,6,1,0,1,0
56,0,1,3,0,0,0,1
21,1,3,1,1,0,1,0
54,1,3,2,1,0,1,1
30,1,2,0,0,0,0,1
37,1,8,1,0,0,1,1
22,1,0,0,0,0,0,1
29,0,0,0,1,1,1,1
40,0,13,1,1,0,1,0
24,1,2,1,1,0,1,1
39,0,0,0,1,0,0,1
56,1,7,194,1,0,0,1
36,1,4,2,1,0,1,1
28,0,1,15,1,0,1,1
41,0,2,15,1,1,0,1
22,0,0,1,1,0,1,1
25,0,1,-1,1,0,0,1
29,0,0,42,0,0,1,1
27,0,2,20,1,0,1,1
28,0,2,0,0,0,1,1
43,0,0,-1,1,1,1,1
31,0,1,1,0,0,1,1
36,0,0,0,1,0,1,1
28,0,5,0,1,1,1,0
47,0,0,2,0,0,0,1
23,0,0,2,0,1,1,1
44,0,0,0,0,1,0,1
22,0,1,1,1,1,0,1
35,0,4,169,1,0,0,1
51,0,1,162,1,0,1,1
56,1,7,0,1,0,0,1
41,0,1,0,0,0,0,1
26,1,1,16,1,0,0,1
28,1,0,0,0,1,0,1
27,1,4,0,1,1,1,1
30,0,0,1,1,0,0,1
25,0,1,0,1,0,0,1
25,0,1,0,1,0,1,1
33,1,16,0,1,0,1,0
32,1,0,0,1,0,0,1
28,1,2,0,1,0,1,1
27,0,2,1,1,0,1,1
35,1,23,2,1,1,1,0
44,0,0,34,0,0,1,1
47,1,1,0,1,0,0,1
33,0,0,0,1,0,0,1
24,0,7,1,0,1,0,1
22,1,2,0,1,0,0,1
43,1,18,9,1,0,1,1
30,0,4,1,1,1,1,1
34,1,5,2,1,0,1,1
64,0,20,2,1,0,1,1
35,0,0,0,1,0,1,1
40,0,0,0,1,0,0,1
36,1,5,19,0,0,1,0
43,0,2,5,1,0,1,1
41,1,2,161,1,0,0,0
41,0,1,1,0,0,1,1
56,0,0,1,1,0,0,1
25,1,1,0,0,1,0,1
30,1,15,-1,1,1,1,0
21,1,1,1,1,0,0,1
53,1,4,0,1,1,0,1
24,0,0,0,0,1,1,1
30,1,1,0,1,0,0,1
28,0,1,8,1,0,0,1
33,1,7,1,0,0,1,1
32,0,20,0,1,0,0,0
48,0,2,0,1,0,0,1
43,0,0,1,1,0,1,1
37,0,3,38,1,0,0,1
21,0,0,1,1,0,1,0
44,0,0,2,0,0,1,1
23,1,3,91,1,0,1,0
22,1,1,1,1,0,0,1
26,0,0,1,1,0,1,0
22,1,3,16,1,0,1,1
36,1,0,5,0,0,0,1
60,0,1,0,1,0,1,1
36,1,9,0,1,1,0,1
31,1,11,11,1,0,0,1
59,1,0,0,0,0,0,1
36,0,0,24,1,0,0,1
45,0,0,1,0,0,1,1
60,0,4,6,1,0,0,1
25,1,2,0,0,0,0,1
21,1,2,0,1,0,1,0
33,1,3,14,1,0,0,0
33,1,4,17,0,0,1,1
23,0,0,25,1,1,1,1
22,0,1,1,1,0,1,1
30,0,0,0,0,0,0,1
36,0,0,5,1,0,0,1
29,0,11,0,1,1,1,0
23,0,0,0,1,1,0,1
22,0,0,1,1,0,0,1
25,1,2,0,0,0,1,1
40,1,0,0,0,0,0,1
58,0,0,0,1,0,0,1
83,0,0,0,0,0,0,1
24,1,3,1,0,0,0,0
37,0,0,0,0,0,0,1
51,0,1,7,1,0,1,1
23,0,0,1,1,0,1,1
21,1,0,97,0,0,1,0
53,0,13,91,1,0,1,1
43,0,7,8,1,1,0,0
29,0,0,0,1,0,0,1
31,0,0,2,1,1,1,1
30,1,12,9,1,0,1,0
45,0,0,2,0,0,0,1
46,0,4,0,1,1,1,1
50,1,4,0,1,0,1,1
54,1,28,5,1,0,1,0
37,0,1,1,1,1,0,1
27,1,1,25,1,1,0,1
24,1,0,1,0,0,1,1
29,0,0,1,0,0,1,1
39,0,3,2,1,0,0,1
20,1,2,16,1,0,1,1
24,0,1,1,1,0,1,1
28,1,13,32,1,1,1,0
54,0,0,0,0,1,0,1
51,0,1,1,0,1,0,1
32,1,5,0,1,0,1,1
36,0,1,0,0,1,1,1
59,1,20,198,1,0,0,1
25,1,4,169,1,0,1,0
42,0,1,0,0,0,0,1
25,0,1,8,1,0,1,1
49,0,2,1,1,0,1,1
32,1,15,70,1,0,0,0
40,0,5,0,1,0,0,1
30,1,5,1,1,0,1,1
24,0,0,0,1,1,0,1
51,0,0,0,0,1,0,1
69,1,1,1,1,0,1,1
26,0,1,-1,1,0,1,0
49,0,4,3,0,1,0,1
30,1,1,-1,1,0,0,1
41,1,7,1,0,0,1,1
23,1,3,3,1,0,1,1
61,0,0,0,0,0,0,1
50,0,0,0,1,0,0,1
50,0,0,1,0,1,1,1
20,1,0,3,1,0,0,1
47,0,3,13,1,0,0,1
22,1,1,38,1,0,1,0
36,0,1,0,0,1,1,1
22,1,1,6,1,0,1,1
24,0,1,0,1,0,0,1
21,0,1,1,1,0,1,1
49,1,2,0,0,1,0,1
22,0,0,57,1,0,0,0
27,1,0,2,1,1,0,1
31,0,0,0,0,0,1,1
35,0,0,0,0,0,0,1
21,1,1,0,1,0,1,1
23,1,6,84,1,0,0,0
36,1,4,2,0,0,1,1
38,1,1,16,0,1,0,1
21,1,0,1,1,0,0,1
42,1,0,0,1,1,0,1
25,0,0,0,1,0,1,1
42,1,1,0,1,0,0,1
24,0,0,36,1,1,0,0
30,0,0,0,0,0,0,1
25,1,4,0,1,0,1,1
43,0,2,2,1,1,1,1
26,0,0,1,0,1,1,1
50,0,15,1,0,0,1,0
27,1,0,5,0,0,1,1
22,1,0,2,1,0,0,1
19,1,0,0,1,0,1,1
30,1,4,1,1,1,0,1
23,0,4,31,1,0,1,0
56,0,0,7,0,0,0,1
35,1,0,2,0,1,1,1
32,1,3,0,1,1,1,1
23,1,1,1,1,0,1,1
23,1,1,3,1,0,1,1
23,1,2,6,1,0,1,0
32,1,14,2,1,0,1,0
54,0,2,0,0,0,1,1
49,1,1,20,1,0,0,1
35,0,3,11,0,0,1,1
58,1,7,185,1,0,0,1
46,1,2,9,1,0,1,1
33,0,2,1,0,0,1,1
23,0,1,0,1,0,1,1
37,0,8,1,1,0,1,1
23,0,0,0,0,1,0,1
34,1,14,40,1,0,0,0
28,0,0,-1,1,0,1,1
28,1,0,1,1,0,0,1
23,1,0,0,1,0,1,1
20,1,0,0,1,1,0,0
38,0,0,1,1,0,0,1
33,1,4,1,0,0,1,1
21,1,0,30,1,0,1,1
46,0,4,2,1,0,0,1
50,1,9,1,0,0,0,1
69,1,0,0,0,0,0,1
42,0,0,1,1,0,0,1
28,1,0,0,0,0,0,1
37,1,2,0,1,0,1,1
30,1,0,0,0,0,1,1
45,0,2,7,1,0,0,1
29,1,0,0,1,0,1,1
41,0,1,1,1,0,0,1
31,1,1,-1,1,0,1,0
32,0,1,15,1,0,0,1
47,0,0,1,0,0,0,1
22,0,2,3,1,0,0,1
31,0,0,0,1,0,1,1
41,0,0,1,1,0,0,1
26,0,2,33,1,0,1,1
30,1,11,2,1,0,1,0
55,0,2,1,1,1,1,1
34,1,0,33,1,0,1,0
37,0,11,1,1,0,1,1
56,1,6,1,1,0,0,1
54,1,3,2,0,0,0,1
54,0,0,1,1,1,1,1
29,0,11,0,0,0,1,0
55,0,0,1,1,0,1,1
32,1,11,1,1,0,1,1
22,0,0,0,1,0,1,0
36,0,0,0,1,0,0,1
38,1,1,0,1,0,0,1
27,1,10,0,1,0,1,0
22,0,3,106,1,0,1,1
33,0,2,0,1,1,0,1
32,1,4,1,0,0,0,1
48,0,0,1,0,0,1,1
21,1,0,0,1,1,0,1
36,1,5,0,1,1,1,1
25,1,2,1,0,1,0,1
31,0,0,81,1,0,0,1
42,0,0,6,0,0,1,1
36,1,3,1,1,1,0,1
25,1,2,0,1,1,0,0
33,0,0,1,1,0,0,1
56,1,3,1,0,0,1,1
29,1,0,5,0,0,0,1
25,0,0,5,1,1,1,1
24,1,0,9,1,0,1,1
23,1,3,53,1,0,1,0
44,0,1,1,1,0,0,1
35,1,3,1,1,0,0,1
30,1,5,5,0,0,0,0
34,0,0,1,1,1,0,1
22,1,1,0,1,0,1,1
27,0,0,1,0,0,1,1
39,0,1,7,1,1,0,1
23,0,0,0,1,1,1,1
29,1,9,4,1,0,1,1
49,0,8,8,1,1,0,1
21,1,0,1,0,1,0,1
24,0,3,93,1,0,1,1
19,1,1,9,0,0,1,1
51,0,0,0,0,0,0,1
24,0,2,1,1,0,1,1
26,1,3,1,0,0,1,1
67,0,1,0,1,0,0,1
26,0,0,0,1,0,0,1
28,0,0,0,0,1,1,1
21,1,0,1,0,0,1,1
24,0,0,1,1,1,1,1
30,0,2,0,1,1,1,1
26,1,2,33,1,1,0,1
51,1,0,0,0,1,0,1
31,1,8,0,0,0,1,1
33,0,2,0,0,0,1,1
26,0,1,1,0,0,0,1
41,0,0,1,0,1,1,1
44,0,0,4,1,0,0,1
40,0,0,2,0,0,1,1
22,1,0,13,1,0,1,1
24,0,0,1,1,0,1,1
30,0,1,0,1,0,1,1
20,1,0,6,1,0,0,0
25,0,0,0,1,0,0,1
61,0,15,0,1,1,0,1
20,1,2,31,1,0,0,0
44,0,0,1,1,0,0,1
39,0,0,5,1,0,0,1
25,0,0,2,0,1,0,1
31,0,1,-1,0,0,1,1
24,0,8,37,1,0,0,0
46,1,14,0,1,0,0,1
65,0,0,0,1,1,1,1
37,1,9,1,1,0,1,1
31,1,19,0,1,0,0,1
33,0,0,0,1,1,0,1
41,0,0,0,0,0,0,1
24,0,0,0,0,0,0,1
21,1,1,1,0,1,1,1
52,1,0,4,0,0,1,1
27,0,1,26,1,1,1,1
24,0,2,0,1,1,0,0
19,1,1,2,1,1,1,1
26,0,0,0,0,0,1,1
50,0,1,0,1,0,1,1
35,0,0,0,0,1,0,1
31,1,4,1,1,0,0,0
22,0,0,0,1,1,1,1
40,1,8,0,1,0,0,1
25,1,6,39,0,0,0,1
25,0,0,0,1,0,0,1
31,1,0,1,1,0,1,1
21,1,4,0,0,1,1,0
25,1,0,9,1,0,1,0
36,0,1,0,0,0,0,1
33,1,7,26,1,1,1,0
53,0,0,0,0,1,0,1
22,1,3,1,1,0,1,1
74,0,0,0,1,1,1,1
37,0,8,1,0,0,1,1
31,1,2,176,1,1,1,1
59,0,0,0,0,0,0,1
38,1,2,10,0,0,1,1
38,0,0,1,1,1,0,1
31,1,2,1,1,1,0,1
31,1,7,3,1,0,1,1
47,1,23,0,0,0,1,0
33,0,1,1,1,1,1,1
21,0,1,156,1,0,1,1
26,1,4,45,1,0,1,1
52,1,0,118,1,1,0,1
26,1,5,1,1,1,1,1
38,0,1,0,1,1,1,1
22,1,1,1,1,0,0,1
59,0,0,0,1,0,0,1
26,1,1,2,1,1,1,1
23,1,0,0,0,0,1,1
35,1,1,4,0,0,0,1
39,0,1,4,1,0,1,1
20,1,2,33,1,0,1,0
28,0,0,2,0,0,0,1
24,1,2,1,1,0,1,1
30,0,0,0,0,0,1,1
19,1,0,1,0,0,0,0
32,1,0,22,1,0,0,1
32,1,16,0,1,0,1,0
29,0,7,2,1,0,1,1
42,0,0,2,1,0,0,1
31,0,7,1,0,0,0,1
31,0,0,2,1,1,1,0
25,1,5,54,1,0,1,0
21,0,0,0,1,0,0,0
65,0,0,0,0,0,0,1
24,0,5,5,0,0,0,1
51,0,0,-1,1,0,0,1
30,0,2,1,0,0,1,1
51,0,4,0,0,0,0,1
25,0,0,0,0,0,0,1
30,0,2,2,1,1,1,1
61,0,4,118,1,0,0,1
20,1,0,1,1,0,0,1
38,0,0,1,0,0,0,1
20,1,3,42,1,0,0,0
30,0,4,29,1,1,0,1
24,0,0,1,1,0,1,0
23,0,0,3,1,0,1,1
39,0,0,1,0,0,1,1
50,1,5,1,1,0,0,1
23,1,0,0,0,0,1,1
35,0,7,195,1,0,1,1
57,0,19,3,1,0,1,1
35,0,0,1,0,0,1,1
33,0,3,0,1,0,1,1
51,0,17,0,0,0,1,1
30,0,0,1,0,1,1,1
29,1,2,1,1,0,1,1
33,1,0,83,1,0,0,1
36,0,15,1,1,0,1,1
22,1,0,50,1,0,1,1
33,1,12,2,0,0,1,0
29,0,4,80,1,0,1,0
32,0,1,1,1,0,1,1
27,0,1,0,0,0,1,1
38,0,8,15,0,0,1,1
39,1,17,35,1,0,0,1
46,0,1,1,0,0,0,1
58,1,0,1,1,1,0,1
31,0,0,38,0,0,0,1
23,0,0,1,0,1,0,0
27,0,3,0,1,0,1,1
21,1,0,0,0,0,1,1
20,1,0,1,1,0,0,1
25,0,1,0,1,1,1,1
43,0,7,0,1,0,1,1
31,0,14,0,1,1,0,0
31,0,10,0,1,1,1,1
39,1,0,1,1,1,0,1
33,1,5,119,1,0,0,1
31,1,2,0,1,0,0,1
31,1,6,0,1,0,1,1
25,1,0,0,1,1,0,1
23,0,0,0,0,0,0,1
43,0,3,1,1,0,0,1
44,0,0,11,1,0,0,1
37,0,2,0,0,0,0,1
36,0,0,0,0,1,0,1
64,0,1,7,1,0,0,1
60,0,2,10,0,0,0,1
25,1,0,2,0,0,0,1
26,0,1,0,1,0,0,1
38,0,1,1,0,1,0,1
24,1,2,1,1,0,1,1
50,1,0,14,0,0,0,1
34,1,0,29,0,0,1,1
32,1,2,5,0,0,0,1
37,1,12,0,0,0,1,0
24,1,5,1,1,0,1,1
21,1,0,7,1,0,0,0
52,0,2,1,1,0,0,1
40,0,2,100,0,1,1,1
38,0,0,1,0,0,0,1
47,1,0,3,0,0,0,1
31,1,0,35,1,0,0,1
27,1,5,0,0,0,1,1
24,1,0,0,1,0,1,1
21,0,0,0,0,1,1,1
40,1,4,15,1,0,0,1
23,1,4,0,1,0,1,0
31,0,3,0,1,0,0,1
31,0,0,1,1,0,1,1
23,0,3,1,1,0,1,1
43,0,4,2,0,0,0,1
24,1,1,123,0,0,1,0
29,0,2,3,0,0,1,1
22,1,0,2,1,0,0,1
28,1,5,0,1,0,1,1
25,0,7,18,1,0,1,1
25,0,0,0,0,1,1,1
29,1,8,2,1,0,1,0
37,0,3,6,1,0,0,1
27,1,11,2,0,0,1,0
30,1,9,50,1,0,1,0
28,1,16,29,1,0,0,0
36,0,1,0,1,0,0,1
56,1,0,-1,0,0,0,1
23,1,0,2,1,1,1,1
63,0,3,220,0,0,1,0
36,1,0,0,1,0,0,1
46,1,7,3,1,1,0,1
22,1,0,0,0,0,1,1
29,0,3,0,1,1,1,1
28,0,1,4,1,0,0,1
32,0,3,86,1,0,0,1
27,1,7,0,1,0,0,0
28,1,6,2,1,0,1,0
27,1,0,2,1,1,0,1
34,1,21,5,0,0,1,0
45,1,0,1,1,0,1,1
35,1,16,191,1,0,1,0
42,0,1,4,1,0,1,1
23,0,1,0,0,0,0,1
64,1,1,0,0,1,1,1
26,0,0,0,1,0,1,1
59,1,22,69,1,0,1,1
33,0,1,0,0,1,0,1
20,1,0,1,1,0,1,1
25,0,2,1,1,0,1,0
26,1,6,3,1,1,1,1
23,1,0,0,1,0,1,1
36,1,26,0,1,0,1,0
26,1,8,14,1,0,1,0
30,1,0,1,1,0,0,1
38,1,10,0,1,0,0,0
35,0,5,0,1,0,0,1
70,0,0,0,0,0,0,1
27,0,1,1,1,0,0,0
24,0,1,0,0,1,0,1
40,0,0,19,1,0,0,1
45,0,2,47,1,0,0,1
25,0,2,0,1,0,1,1
30,0,0,0,1,0,0,1
44,1,8,9,0,0,1,0
26,1,5,1,1,0,0,1
31,0,0,1,0,0,1,0
51,1,8,0,0,0,1,1
25,0,3,1,0,1,1,0
42,1,13,0,0,0,1,0
27,1,5,37,0,0,1,0
30,0,3,0,0,0,0,1
34,0,0,1,1,0,1,1
29,0,0,0,1,0,1,1
37,0,4,0,0,0,0,1
24,0,0,0,1,1,1,1
23,1,2,0,1,1,1,0
30,1,7,0,1,0,1,0
56,0,1,169,1,1,0,0
32,1,2,0,0,0,0,1
30,0,3,25,1,0,0,1
45,0,2,28,0,0,1,1
31,0,0,2,0,1,1,1
29,1,10,7,1,1,0,1
33,1,2,1,0,0,0,1
33,1,21,6,0,0,1,1
43,0,2,1,1,0,0,1
28,1,0,1,1,0,0,1
33,0,0,1,1,1,1,1
25,1,2,1,0,0,0,1
24,0,0,0,0,0,0,1
20,1,1,1,1,0,1,0
52,0,0,0,0,0,0,1
32,1,0,17,0,0,0,1
22,1,2,6,1,0,1,0
52,0,1,3,1,0,0,1
21,1,2,2,1,0,0,1
39,1,0,2,1,0,0,1
28,0,0,29,1,1,1,0
34,0,6,52,1,1,1,1
25,0,1,2,1,0,1,1
42,0,0,0,0,0,0,1
23,1,4,11,0,0,1,0
26,1,2,0,1,0,1,0
27,1,2,0,1,0,1,0
28,1,7,1,1,0,1,1
24,1,3,1,0,0,0,1
35,0,1,0,1,0,0,1
20,1,0,1,1,0,0,1
24,1,5,1,1,0,1,1
42,0,2,1,1,1,1,1
27,1,2,4,1,1,1,1
24,1,6,218,1,0,0,0
26,1,1,22,1,0,1,1
31,1,3,0,0,0,0,1
22,1,4,260,1,0,1,0
23,0,1,1,1,1,1,1
34,0,3,5,0,0,0,1
47,1,28,33,1,0,0,0
56,0,1,0,1,0,1,1
25,0,1,0,0,0,1,1
21,0,0,0,0,0,0,1
30,1,7,602,1,0,1,0
22,0,1,0,1,1,0,1
54,0,0,1,0,0,1,1
30,0,1,0,1,0,0,1
37,1,6,23,1,0,0,1
22,0,0,1,1,0,1,1
27,1,6,10,1,0,1,1
49,1,1,5,1,0,0,1
23,1,2,7,0,0,1,0
29,0,2,0,0,0,1,1
22,1,0,1,0,0,0,1
28,1,0,0,0,0,1,1
33,1,5,1,0,0,1,0
49,0,2,10,1,1,0,1
21,1,0,1,0,0,1,1
56,0,4,0,0,0,0,1
27,1,13,0,1,0,1,0
43,1,1,0,0,0,0,1
41,0,3,1,1,0,0,1
56,0,9,0,0,0,1,0
25,0,0,1,1,1,0,1
23,1,0,0,1,0,1,1
41,0,7,0,1,0,1,1
20,0,0,3,0,0,0,1
31,0,0,-1,1,0,0,1
22,1,0,9,0,0,0,1
22,1,1,0,1,0,1,1
21,1,0,33,1,1,1,0
38,0,4,0,0,0,1,1
37,1,23,17,1,0,1,0
34,1,1,0,0,0,0,1
56,0,1,2,0,0,0,1
50,0,2,0,0,0,0,1
24,0,0,0,0,1,0,1
37,0,24,19,1,0,1,0
30,1,5,2,1,0,0,0
38,1,2,47,1,0,0,1
28,1,7,1,1,1,0,0
67,0,0,0,0,0,0,1
29,1,17,2,1,0,0,1
25,1,0,0,0,0,1,1
23,0,0,1,0,0,1,1
32,0,1,0,1,0,0,1
28,0,0,1,1,0,0,1
47,1,19,30,1,1,1,0
29,1,6,67,1,1,0,1
36,0,6,0,1,0,0,1
29,0,0,1,0,0,1,1
38,1,0,0,1,0,1,1
24,1,8,0,1,0,1,0
32,0,1,2,1,1,0,1
40,1,0,0,0,0,0,1
32,0,0,0,1,1,1,1
56,0,0,0,0,0,0,1
27,0,1,31,0,0,0,1
22,1,6,2,1,0,1,1
31,1,4,4,1,0,1,1
21,1,0,-1,1,0,0,1
47,0,20,1,1,0,1,0
58,0,2,5,1,0,0,1
34,1,9,1,1,0,0,1
24,1,0,20,0,0,1,1
54,0,0,2,1,0,0,1
23,0,0,1,1,0,1,1
59,0,0,1,1,0,0,1
33,1,14,0,1,0,1,0
26,1,27,10,0,0,1,0
28,1,3,0,1,0,0,1
44,0,0,1,0,1,0,1
22,1,1,0,1,0,1,1
27,1,0,2,0,0,1,1
39,0,0,54,1,0,0,1
20,1,4,2,1,1,0,0
27,1,6,30,1,0,1,1
28,1,0,0,0,0,1,1
40,0,0,1,1,1,0,1
31,1,0,-1,1,0,0,0
26,0,2,0,0,0,1,1
25,0,5,0,1,1,0,1
23,1,1,22,1,0,1,1
27,0,8,68,1,0,0,1
30,0,2,6,1,0,0,1
31,1,3,19,0,0,1,0
20,0,0,1,1,0,1,1
39,0,8,40,1,0,1,1
33,0,0,6,1,0,0,1
39,0,0,1,0,0,0,1
54,0,0,0,0,0,0,1
20,1,1,1,1,0,0,1
20,0,1,0,0,0,1,1
52,1,0,4,1,0,1,1
23,0,2,76,1,0,1,0
41,0,2,1,0,0,0,1
28,1,6,2,0,1,1,1
37,0,2,12,0,0,0,1
29,1,2,-1,0,1,0,1
26,1,13,7,0,0,1,0
20,0,0,0,1,1,1,1
49,0,1,4,0,0,0,1
21,1,0,1,1,0,0,1
23,1,1,2,1,0,1,1
23,0,0,0,0,1,0,1
33,0,2,2,0,1,0,1
