,Stability,Method,Denominator Distance,Explanation Distance
0,16.813775962940515,grad,3.406529664315636,57.27662658691406
1,8.639975629614852,grad,7.789998481360497,67.3053970336914
2,339.63190484179125,grad,0.4877249156431114,165.64694213867188
3,196.331920858761,grad,2.6618951617670894,522.614990234375
4,22.755855911893722,grad,17.982606161286263,409.2095947265625
5,4.832173337242066,grad,9.075579747337356,43.854774475097656
6,902.5512449569525,grad,0.4412181098533596,398.2219543457031
7,26.34153160178362,grad,8.713435555188747,229.52523803710938
8,42.61355287107819,grad,1.4180773389745056,60.42931365966797
9,255.6816070508143,grad,1.1916084492565757,304.67236328125
10,0.20573808862167203,grad,60.026401639744115,12.349717140197754
11,61.90918562424924,grad,2.0134971499642758,124.65396881103516
12,395.1034504111071,grad,0.47868805418705096,189.1313018798828
13,77.37146731835924,grad,0.7694402670197027,59.53272247314453
14,25.315445793023148,grad,24.833131888693654,628.6618041992188
15,69.54630700009606,grad,5.833004330647622,405.6639099121094
16,581.3984590746168,grad,0.6629501082617275,385.43817138671875
17,121.86274435553132,grad,4.292849553823706,523.138427734375
18,3.9265375073397495,grad,29.96779669477724,117.669677734375
19,833.7676810307272,grad,0.7563440616880419,630.615234375
20,189.11404863926637,grad,4.083687057255914,772.2825927734375
21,347.6677150429134,grad,0.7251114014586102,252.0978240966797
22,406.23263236750097,grad,0.8077885152140549,328.1500549316406
23,348.6167069079492,grad,0.796647271449259,277.72454833984375
24,371.6388938871475,grad,0.41292075518426685,153.45741271972656
25,22.7296446068479,grad,8.58997864869436,195.24716186523438
26,0.24735149743426668,grad,150.6591799918118,37.26577377319336
27,504.013803142051,grad,1.5797088559794379,796.195068359375
28,120.46306326039729,grad,6.119924510984859,737.224853515625
29,52.98122962813041,grad,12.553445617089787,665.0969848632812
30,35.63432011576011,grad,9.9024891759396,352.86846923828125
31,13.309217713311902,grad,0.9247837588368253,12.308148384094238
32,281.4946625164624,grad,1.104490146545869,310.9080810546875
33,182.51705236712414,grad,1.03560411986469,189.01541137695312
34,402.66994507736075,grad,1.8649164407762757,750.94580078125
35,701.0081888543536,grad,0.21823483370087027,152.98440551757812
36,368.68378359084517,grad,0.9878566464924996,364.20672607421875
37,29.39689529749001,grad,1.44840822144983,42.578704833984375
38,1224.9222511408914,grad,0.2315031039386674,283.57330322265625
39,832.1739869042233,grad,0.5960898608710179,496.05047607421875
40,670.7082583608145,grad,1.0587295205637606,710.0986328125
41,364.0350426475097,grad,1.1731648607541245,427.0731201171875
42,248.43259263579682,grad,1.5364720999955153,381.7097473144531
43,225.68005448373228,grad,0.9814463872414286,221.4928741455078
44,61.44086246402446,grad,4.099676826659115,251.88768005371094
45,555.9182587466303,grad,0.4470155746158125,248.50411987304688
46,240.99747441422662,grad,0.6586618396295504,158.73583984375
47,285.66548276576106,grad,2.7821890937964566,794.775390625
48,40.8258016185454,grad,4.635185243056705,189.2351531982422
49,41.58061757188465,grad,0.08365233691436626,3.478315830230713
50,20.597873694867946,grad,6.83523491927572,140.7913055419922
51,774.2866135691067,grad,0.32314791714138397,250.2091064453125
52,144.02523436941757,grad,2.7291930061735137,393.0726623535156
53,277.74411985913287,grad,0.09750151671942416,27.080472946166992
54,145.67001261217163,grad,2.4771780337566236,360.8505554199219
55,498.6607604997736,grad,1.155787035483225,576.3456420898438
56,253.07042301085497,grad,1.4156037369411247,358.2474365234375
57,75.46472009219636,grad,2.7664892762091644,208.7723388671875
58,32.68876926227164,grad,13.885208623722678,453.890380859375
59,527.5968271899802,grad,0.2355616190247174,124.28156280517578
60,224.80942172745046,grad,3.7074072634654285,833.4600830078125
61,209.74935677755536,grad,1.444814536423707,303.0489196777344
62,26.47795018261332,grad,10.536214247439027,278.97735595703125
63,36.486290302056105,grad,1.4893190029604784,54.339725494384766
64,23.28207879516775,grad,0.9717230887992451,22.623733520507812
65,6.435666126673412,grad,12.133453086340692,78.08685302734375
66,30.088462346799616,grad,3.0624945499392116,92.145751953125
67,134.172831288819,grad,6.761222481237506,907.17236328125
68,3.8380515230591663,grad,2.3320306422321493,8.950453758239746
69,1.9949489839933414,grad,11.378421008593449,22.699369430541992
70,60.77996028239327,grad,0.8995605552841347,54.675254821777344
71,1.5608293580531252,grad,11.428006301801666,17.837167739868164
72,39.593309885200696,grad,18.603221415112788,736.5631103515625
73,82.40669949037357,grad,2.5826609829185627,212.8285675048828
74,166.8416960567984,grad,2.110678983715954,352.1492614746094
75,259.0644063433107,grad,0.802439329903328,207.8834686279297
76,1239.5848726407926,grad,0.27624611999749615,342.4305114746094
77,59.41699993262424,grad,2.6084886706286263,154.9885711669922
78,86.54709764543045,grad,3.072621264853695,265.92645263671875
79,815.8147526396998,grad,0.296826523128487,242.15545654296875
80,98.7456962558955,grad,5.244879122432995,517.9092407226562
81,575.0271819928137,grad,0.5887885087437266,338.56939697265625
82,116.71714822050576,grad,0.631492282987475,73.70597839355469
83,620.1002185749165,grad,0.5921897775523556,367.2170104980469
84,1744.3246498893977,grad,0.27546834565251654,480.5062255859375
85,137.14651382930356,grad,1.4551516050561206,199.5689697265625
86,620.5071820311626,grad,0.2725453272824798,169.1163330078125
87,300.7298122019814,grad,2.6319224981331435,791.49755859375
88,19.160054515732796,grad,6.11580798902844,117.17921447753906
89,528.7917688336134,grad,1.894856456030788,1001.9844970703125
90,262.46944656185826,grad,0.4326934758553172,113.56881713867188
91,814.6604021036696,grad,0.48235333592125523,392.95416259765625
92,7.5707772735049295,grad,50.24588320095854,380.400390625
93,145.92454772115292,grad,0.6286759784090917,91.7392578125
94,1014.6136656941045,grad,0.30134776096014587,305.7515563964844
95,70.43109152591298,grad,0.15322894476106655,10.792081832885742
96,31.51170151266174,grad,15.77955512506105,497.2406311035156
97,164.38398335447442,grad,2.710665152467275,445.5899353027344
98,32.28077923525348,grad,6.583960328966883,212.53536987304688
99,239.53187140720908,grad,0.9239555541328048,221.31680297851562
100,24.03218731364886,ig,1.2648929958843314,30.398145408814727
101,11.359335245838004,ig,7.789998481360497,88.48920431434281
102,250.59342937410364,ig,0.4877249156431114,122.22065920220268
103,98.72845234932362,ig,2.6618951617670894,262.8047896374172
104,10.9334388097907,ig,17.982606161286263,196.61172410498858
105,6.70693465180148,ig,7.234157990884629,48.51902490567069
106,116.46811624564737,ig,0.4412181098533596,51.38784210808589
107,14.48309185561326,ig,8.713435555188747,126.19748752376515
108,49.586305849497144,ig,1.4180773389745056,70.31721664863088
109,149.9040635931634,ig,1.1916084492565757,178.62694875550852
110,1.4209702107570727,ig,7.701907532678689,10.944181169941922
111,30.563245495308507,ig,2.0134971499642758,61.53900769846217
112,214.57543838739912,ig,0.47868805418705096,102.71469907799752
113,73.03114666707962,ig,0.6069992470314463,44.329851036760445
114,12.412261589027322,ig,24.833131888693654,308.23532907728173
115,33.28878945697025,ig,5.833004330647622,194.1736530645244
116,302.18627131643916,ig,0.6629501082617275,200.3344212844411
117,60.87412722639157,ig,4.292849553823706,261.3234699032226
118,5.681140804448669,ig,9.752213321508899,55.403697034512085
119,96.95440461357204,ig,0.7563440616880419,73.3308881839749
120,96.74654832315632,ig,4.083687057255914,395.0826272214573
121,164.6191020467029,ig,0.7251114014586102,119.3671877919427
122,198.9212346957534,ig,1.057201569459726,210.29984151921704
123,170.31218181095616,ig,0.796647271449259,135.67873493426833
124,196.51469095410422,ig,0.41292075518426685,81.14499459357152
125,10.988946351115636,ig,8.58997864869436,94.39481452773111
126,1.456506066220737,ig,15.400681118088633,22.431185472427256
127,263.4514499426923,ig,1.5797088559794379,416.17658859509464
128,66.46433981092348,ig,4.244808854028152,282.1284181065438
129,28.305822961171295,ig,12.553445617089787,355.33560919003526
130,17.01093983920016,ig,9.9024891759396,168.45064763023927
131,23.59568244323044,ig,0.9247837588368253,21.820903902170734
132,138.68070463814124,ig,1.104490146545869,153.17147178886498
133,99.81328547343573,ig,1.03560411986469,103.36704965352044
134,223.750566576534,ig,1.8649164407762757,417.2761102415849
135,753.5401090796885,ig,0.10215139823891664,76.97517577159594
136,225.94846659697953,ig,0.9878566464924996,223.20469449261475
137,19.79603531934827,ig,1.44840822144983,28.672740308655243
138,655.5359910701279,ig,0.2315031039386674,151.75861667624517
139,449.40911982353583,ig,0.5960898608710179,267.88821970977807
140,327.090477312641,ig,1.1195674692707214,366.1998579074658
141,192.49131486869302,ig,1.1731648607541245,225.8240466043086
142,123.14389919683029,ig,1.5364720999955153,189.20716540058987
143,118.52253829226615,ig,0.9814463872414286,116.32351701362849
144,17.05970050316854,ig,4.099676826659115,69.9392588225849
145,312.12876576834543,ig,0.4470155746158125,139.52641958406127
146,139.94715943274196,ig,0.6586618396295504,92.17785348289979
147,149.62464706181638,ig,2.7821890937964566,416.28406121852953
148,34.48203694094152,ig,4.635185243056705,159.83062877918832
149,136.26352260604781,ig,0.08365233691436626,11.398762102179475
150,12.45486471903948,ig,6.83523491927572,85.13192624243383
151,404.00502581391754,ig,0.32314791714138397,130.55338260641852
152,101.39411492272824,ig,2.7291930061735137,276.7241093142634
153,299.2476784986977,ig,0.09750151671942416,29.177102528389643
154,83.87684580962731,ig,2.242362977795378,188.08233373775965
155,242.0546920778953,ig,1.155787035483225,279.76367498151546
156,120.54375026931721,ig,1.4156037369411247,170.64218334614316
157,42.92193121301376,ig,2.7664892762091644,118.74306241498998
158,16.397370811239988,ig,13.885208623722678,227.680914594608
159,263.92704627575904,ig,0.2355616190247174,62.17108232512931
160,108.6519663381351,ig,3.7074072634654285,402.8170891918033
161,101.68859603274042,ig,1.444814536423707,146.92116173662146
162,17.004418792786634,ig,10.273973450258051,174.70294721415894
163,47.86199444344111,ig,1.4893190029604784,71.28177784420568
164,71.82251276963792,ig,0.28865596441468055,20.731996690205545
165,5.595554172401628,ig,12.133453086340692,67.89339404291307
166,22.803214182759486,ig,3.0624945499392116,69.83471915579746
167,66.64423091636979,ig,6.761222481237506,450.5964723165431
168,7.251636202649628,ig,2.3320306422321493,16.911037830898916
169,3.157324936897255,ig,9.798259139559358,30.9362879195122
170,40.792831878534514,ig,0.8995605552841347,36.69562249626686
171,2.8346686293427346,ig,11.428006301801666,32.39461095964826
172,20.575329772299316,ig,12.678596046825934,260.8662947132141
173,59.371086188180236,ig,0.99643167078916,59.15923060705565
174,91.28048448173102,ig,2.110678983715954,192.66380021899994
175,143.54246210454573,ig,0.802439329903328,115.18411710384554
176,248.63134494626453,ig,0.1990838545369018,49.498486510596386
177,31.64235782562008,ig,2.6084886706286263,82.53873190010704
178,58.989892001175924,ig,3.072621264853695,181.253596574236
179,497.0617721101188,ig,0.296826523128487,147.54111759553092
180,47.871016956764066,ig,5.244879122432995,251.07769740616774
181,310.4329001911498,ig,0.5887885087437266,182.77932436853723
182,56.1567288429875,ig,0.631492282987475,35.46254090216676
183,484.3705849132071,ig,0.5921897775523556,286.8393089326565
184,745.1311606022954,ig,0.27546834565251654,205.26004810525393
185,102.562900458353,ig,1.4551516050561206,149.2445692211835
186,327.42630337981245,ig,0.2725453272824798,89.23850901554351
187,158.92789584538468,ig,1.5705922316442003,249.61091860631973
188,13.510952528533702,ig,6.11580798902844,82.63039141339041
189,298.17907083281693,ig,1.894856456030788,565.0065374208248
190,157.8100927188402,ig,0.4326934758553172,68.28339754356485
191,415.4259342781598,ig,0.48235333592125523,200.3820852272745
192,4.929393711388396,ig,50.24588320095854,247.68174067396086
193,89.70818492278156,ig,0.6286759784090917,56.39738092763342
194,485.26954765491297,ig,0.30134776096014587,146.23489164795083
195,121.09654443369223,ig,0.15322894476106655,18.55549571778627
196,15.566528121635665,ig,15.77955512506105,245.63288860116302
197,81.58521278120449,ig,2.710665152467275,221.15019324263872
198,24.228291459664995,ig,3.1618453494341403,76.60611067647666
199,115.42331550461945,ig,0.9239555541328048,106.64601343691623
200,3.1045199194323203,itg,4.027363683098478,12.503030776977539
201,0.5586790702237263,itg,13.787722261916143,7.702911853790283
202,22.511402785438577,itg,0.4877249156431114,10.979372024536133
203,26.641493439101136,itg,2.6618951617670894,70.91686248779297
204,3.1271837245180985,itg,17.840076224815174,55.7891960144043
205,0.17939100394386104,itg,54.743863542333834,9.820556640625
206,262.74170674790656,itg,0.4412181098533596,115.92639923095703
207,1.0262260762836013,itg,91.21130931621151,93.60342407226562
208,5.700026481097821,itg,1.4180773389745056,8.083078384399414
209,25.64912277560802,itg,1.7230440596612395,44.1945686340332
210,0.04870418178724598,itg,60.026401639744115,2.923536777496338
211,7.643956995403693,itg,2.0134971499642758,15.391085624694824
212,66.24561895371666,itg,1.498567346660291,99.27352142333984
213,9.333068692971041,itg,0.7738381184803534,7.222284317016602
214,2.3373507022882714,itg,26.96409224589558,63.024539947509766
215,16.177095605740668,itg,5.833004330647622,94.36106872558594
216,91.63819118512853,itg,0.6629501082617275,60.751548767089844
217,10.785701859739858,itg,4.292849553823706,46.301395416259766
218,0.2158637429341387,itg,29.96779669477724,6.468960762023926
219,261.16891570511063,itg,0.7295456158584627,190.53463745117188
220,31.701453787526958,itg,4.083687057255914,129.4588165283203
221,50.515772203066824,itg,0.7251114014586102,36.62956237792969
222,51.8398651770919,itg,2.0658676281382644,107.09429931640625
223,94.29252376431047,itg,0.796647271449259,75.11788177490234
224,58.327637201464775,itg,0.41292075518426685,24.084692001342773
225,2.6785407514228328,itg,8.58997864869436,23.008607864379883
226,0.04830656361778925,itg,150.6591799918118,7.277827262878418
227,97.69132505977899,itg,1.6179715316604966,158.06178283691406
228,27.7164156459009,itg,4.244808854028152,117.65088653564453
229,8.671342349321497,itg,12.553445617089787,108.855224609375
230,2.0972954980945295,itg,9.9024891759396,20.76844596862793
231,3.489109646763533,itg,0.9247837588368253,3.2266719341278076
232,18.30648622073691,itg,1.104490146545869,20.21933364868164
233,23.84896071429481,itg,1.03560411986469,24.698081970214844
234,186.3714587311193,itg,0.466022670431749,86.85332489013672
235,418.0537671323215,itg,0.21823483370087027,91.23389434814453
236,60.157222454426254,itg,0.9878566464924996,59.42671203613281
237,1.6242062247057825,itg,21.00163642897158,34.11098861694336
238,395.29920464103776,itg,0.2315031039386674,91.51299285888672
239,190.78968944746958,itg,0.38055153159995775,72.60530853271484
240,236.56313347903495,itg,1.1195674692707214,264.848388671875
241,153.86513572882936,itg,1.1731648607541245,180.50917053222656
242,59.3931119056873,itg,1.5364720999955153,91.255859375
243,22.560426942990553,itg,0.9814463872414286,22.141849517822266
244,125.27352280493632,itg,0.5840674129279274,73.16818237304688
245,197.9639258540442,itg,0.4470155746158125,88.49295806884766
246,16.592635204128488,itg,5.692115096193693,94.44718933105469
247,74.84050201011613,itg,2.7821890937964566,208.22042846679688
248,8.130668937924266,itg,4.635185243056705,37.687156677246094
249,3.86811973157243,itg,0.08365233691436626,0.32357725501060486
250,1.626731644574169,itg,6.83523491927572,11.11909294128418
251,161.7543941267851,itg,0.32314791714138397,52.27059555053711
252,82.92341173724222,itg,2.7291930061735137,226.31399536132812
253,32.56348547496704,itg,0.09750151671942416,3.1749892234802246
254,19.232894151426706,itg,2.4771780337566236,47.64330291748047
255,136.4353299576042,itg,1.155787035483225,157.690185546875
256,41.34018977834576,itg,3.8879312016340406,160.72781372070312
257,32.122910882983135,itg,3.3190946111983712,106.61898040771484
258,3.381594110818918,itg,13.885208623722678,46.954139709472656
259,71.31688329409445,itg,0.2355616190247174,16.79952049255371
260,50.66959619750551,itg,3.7074072634654285,187.8528289794922
261,83.19418289661499,itg,1.444814536423707,120.20016479492188
262,3.1437808979840938,itg,17.038893336411466,53.56654739379883
263,4.485838752821691,itg,3.9065945061713476,17.52435302734375
264,5.179284403503612,itg,0.9717230887992451,5.032830238342285
265,0.6666281164154481,itg,12.133453086340692,8.0885009765625
266,1.8813008682138046,itg,3.0624945499392116,5.761473655700684
267,20.744278677239773,itg,6.761222481237506,140.25668334960938
268,0.12625245248934364,itg,44.954967633541834,5.675674915313721
269,0.12728702138800757,itg,53.81748161550243,6.850266933441162
270,9.428692163668194,itg,9.010706218327767,84.95917510986328
271,0.10247178267891467,itg,79.72516230657361,8.16957950592041
272,5.361249484965294,itg,18.603221415112788,99.73651123046875
273,13.363876468293476,itg,2.5826609829185627,34.51436233520508
274,41.91007634446404,itg,2.110678983715954,88.4587173461914
275,24.89979603536225,itg,3.6706071509567666,91.39736938476562
276,314.1129390319608,itg,0.6465444651965461,203.08798217773438
277,7.88783815240429,itg,2.6084886706286263,20.575336456298828
278,13.322483664693827,itg,7.071594674083147,94.2112045288086
279,182.51456338216857,itg,0.296826523128487,54.17516326904297
280,8.71439780933665,itg,5.244879122432995,45.705963134765625
281,97.21670540427739,itg,0.6577031709386071,63.939735412597656
282,18.521612888455337,itg,4.144923885491173,76.77067565917969
283,320.691432712434,itg,0.6209637552937821,199.13775634765625
284,792.715165379181,itg,0.27546834565251654,218.36793518066406
285,18.477172258109274,itg,1.4551516050561206,26.887086868286133
286,288.608474089204,itg,0.2384961710096431,68.83201599121094
287,97.39370133763677,itg,1.6377129885899693,159.5029296875
288,1.2062886475492351,itg,20.192719053143385,24.358247756958008
289,166.16362151666772,itg,1.2542443895769153,208.4097900390625
290,53.13565061417038,itg,0.4326934758553172,22.9914493560791
291,176.49852264726613,itg,0.48235333592125523,85.13465118408203
292,0.5068267733170274,itg,57.40106723135091,29.092397689819336
293,19.252166293723523,itg,0.6286759784090917,12.103374481201172
294,137.3573762990279,itg,0.30134776096014587,41.392337799072266
295,5.407884955531698,itg,1.2660508373333927,6.8466572761535645
296,2.8670885991598523,itg,15.77955512506105,45.24138259887695
297,36.30319569554625,itg,2.710665152467275,98.40580749511719
298,5.127793621420951,itg,14.843911774317622,76.11651611328125
299,18.0678244262568,itg,0.9239555541328048,16.693866729736328
300,0.4246278754214392,sg005,3.406529664315636,1.446507453918457
301,0.13583263063015708,sg005,7.789998481360497,1.058135986328125
302,2.2642890978410546,sg005,0.4877249156431114,1.104350209236145
303,0.3921905015437618,sg005,1.3868827607029117,0.5439222455024719
304,0.016428146311854092,sg005,17.982606161286263,0.29542088508605957
305,0.11207541088313425,sg005,9.075579747337356,1.0171493291854858
306,0.5292403000022338,sg005,0.4412181098533596,0.23351040482521057
307,0.030737891516704887,sg005,8.713435555188747,0.2678326368331909
308,0.9071537292554304,sg005,1.4180773389745056,1.2864141464233398
309,0.5010617729713882,sg005,1.1916084492565757,0.5970694422721863
310,0.20239081374253898,sg005,7.701907532678689,1.5587953329086304
311,0.09377469795939461,sg005,2.0134971499642758,0.18881508708000183
312,0.7763307352637198,sg005,1.5081001179496953,1.1707844734191895
313,0.9231978833506914,sg005,0.7694402670197027,0.7103456258773804
314,0.03197832813964625,sg005,24.833131888693654,0.794122040271759
315,0.04169296845088038,sg005,5.833004330647622,0.24319526553153992
316,1.8242102464835663,sg005,0.5656183048917532,1.0318067073822021
317,0.09475946120000872,sg005,4.292849553823706,0.4067881107330322
318,0.1057540514246548,sg005,9.752213321508899,1.0313360691070557
319,0.6264679392640408,sg005,0.7563440616880419,0.4738253057003021
320,0.3101016433389434,sg005,2.030548803432787,0.6296765208244324
321,0.3122958904301512,sg005,0.7251114014586102,0.22644931077957153
322,0.7923180694251449,sg005,0.8077885152140549,0.6400254368782043
323,0.41122706874204706,sg005,1.524848509528589,0.6270589828491211
324,0.7970593882454636,sg005,0.41292075518426685,0.3291223645210266
325,0.037561143339599576,sg005,8.58997864869436,0.32264941930770874
326,0.10369415817069193,sg005,15.400681118088633,1.5969606637954712
327,0.46992149969020336,sg005,0.5943611940920135,0.27930310368537903
328,0.08512739080870914,sg005,6.119924510984859,0.5209732055664062
329,0.06312608631437562,sg005,12.553445617089787,0.7924498915672302
330,0.02446080236489703,sg005,9.9024891759396,0.2422228306531906
331,0.8804323028495179,sg005,0.5953156319527221,0.5241351127624512
332,0.39870191294016744,sg005,1.104490146545869,0.4403623342514038
333,0.46282975065844717,sg005,1.03560411986469,0.4793083965778351
334,0.5825961850255876,sg005,0.3646104245715521,0.21242064237594604
335,11.31624685669231,sg005,0.05396905344156151,0.6107271313667297
336,0.7138731217094098,sg005,0.9878566464924996,0.7052043080329895
337,0.31396436735483446,sg005,1.44840822144983,0.45474857091903687
338,2.511636795128648,sg005,0.2315031039386674,0.5814517140388489
339,1.2272830365649077,sg005,0.22115340824215307,0.2714178264141083
340,0.3921778410616195,sg005,0.8873038710145185,0.34798091650009155
341,0.20661306783640912,sg005,1.3422947864454426,0.27733564376831055
342,0.19571828567535693,sg005,4.585093656507541,0.8973866701126099
343,0.258679310048967,sg005,1.0798141319596999,0.27932557463645935
344,0.033164163433457815,sg005,2.3303797849258987,0.07728509604930878
345,0.9657578778651172,sg005,0.4470155746158125,0.43170881271362305
346,0.8172785149800288,sg005,0.6604199785656114,0.5397470593452454
347,0.167889623647771,sg005,2.7821890937964566,0.46710067987442017
348,0.3390570193215494,sg005,4.635185243056705,1.571592092514038
349,11.145775721800877,sg005,0.08365233691436626,0.9323701858520508
350,0.05613237349899222,sg005,6.83523491927572,0.38367795944213867
351,0.3788364725542831,sg005,0.8902012355873318,0.33724069595336914
352,0.11038899341622255,sg005,1.9920800135854473,0.21990370750427246
353,5.638648006919408,sg005,0.09750151671942416,0.5497767329216003
354,0.33890204512946137,sg005,2.242362977795378,0.7599413990974426
355,0.4045341385088272,sg005,1.6391532495366212,0.6630934476852417
356,0.34511572961349096,sg005,1.4156037369411247,0.48854711651802063
357,0.040216046066500616,sg005,3.3190946111983712,0.13348086178302765
358,0.04323231423328275,sg005,13.885208623722678,0.6002897024154663
359,1.0722972946008145,sg005,0.2355616190247174,0.2525920867919922
360,0.1609023220480738,sg005,3.7074072634654285,0.5965304374694824
361,0.1784763055761763,sg005,1.444814536423707,0.25786516070365906
362,0.08234962801314741,sg005,10.273973450258051,0.8460578918457031
363,0.806522317642734,sg005,1.4893190029604784,1.2011690139770508
364,4.792347383769991,sg005,0.9717230887992451,4.656834602355957
365,0.08131907841028468,sg005,12.133453086340692,0.9866812229156494
366,0.15625038511008763,sg005,3.0624945499392116,0.47851595282554626
367,0.11414843934096743,sg005,6.761222481237506,0.7717829942703247
368,0.19123504101821315,sg005,2.3320306422321493,0.445965975522995
369,0.06793467459560623,sg005,9.798259139559358,0.6656415462493896
370,0.32617004318222037,sg005,0.8995605552841347,0.29340970516204834
371,0.07708666934259192,sg005,42.791637469939786,3.2986648082733154
372,0.03327995647320232,sg005,18.603221415112788,0.6191143989562988
373,0.5830899255746558,sg005,0.99643167078916,0.5810092687606812
374,0.08498770100616701,sg005,2.070653799464021,0.1759801059961319
375,0.8727645848419896,sg005,0.802439329903328,0.7003406286239624
376,1.6572182810003977,sg005,0.27624611999749615,0.45780012011528015
377,0.05254731168022212,sg005,4.052158271501825,0.21293002367019653
378,0.2662454285251451,sg005,3.072621264853695,0.8180713653564453
379,2.752088414725658,sg005,0.3359515667232937,0.9245684146881104
380,0.07445849727990234,sg005,5.244879122432995,0.39052581787109375
381,1.1183116893803793,sg005,0.6577031709386071,0.735517144203186
382,0.2944726063693812,sg005,0.631492282987475,0.1859571784734726
383,0.33694497025307163,sg005,0.5335374625397376,0.1797727644443512
384,7.58998366496449,sg005,0.02690761279528956,0.20422834157943726
385,0.6693627608439601,sg005,1.4551516050561206,0.9740242958068848
386,0.5565714965787784,sg005,0.2596383478533159,0.1445073038339615
387,0.2808421228624543,sg005,0.9799760220632037,0.27521854639053345
388,0.097280680128601,sg005,6.11580798902844,0.5949499607086182
389,0.21542383996598483,sg005,1.894856456030788,0.4081972539424896
390,0.6387251246251138,sg005,0.4326934758553172,0.27637219429016113
391,0.6246558387369836,sg005,1.2326646317690115,0.7699911594390869
392,0.036233214680987225,sg005,50.24588320095854,1.8205698728561401
393,0.5795496575578916,sg005,0.6286759784090917,0.3643489480018616
394,1.1450526000562924,sg005,0.30134776096014587,0.34505903720855713
395,5.69678456686659,sg005,0.15322894476106655,0.8729122877120972
396,0.036939186477881955,sg005,9.764706363865296,0.3607003092765808
397,0.17004594565645242,sg005,2.710665152467275,0.46093761920928955
398,0.23579329404333307,sg005,3.1618453494341403,0.7455419301986694
399,0.43902929175252037,sg005,0.9239555541328048,0.4056435525417328
400,17.635023720940186,shap,1.8852690908059775,33.24676513671875
401,1.0795156393936518,shap,13.787722261916143,14.884061813354492
402,40.80042744250663,shap,0.14904217856557217,6.080984592437744
403,20.364166165973156,shap,2.6618951617670894,54.207275390625
404,2.545930755486494,shap,17.399183080870216,44.297115325927734
405,0.47782272889713306,shap,53.61836066330861,25.620071411132812
406,107.87495136346989,shap,0.4412181098533596,47.59638214111328
407,0.789502268790831,shap,91.21130931621151,72.01153564453125
408,17.632423963536283,shap,1.4180773389745056,25.004140853881836
409,17.886149993470905,shap,1.7230440596612395,30.81862449645996
410,0.48160971216714943,shap,62.78265081947663,30.23673439025879
411,5.966766652763559,shap,2.0134971499642758,12.014067649841309
412,48.76363955714294,shap,0.7042815240042956,34.34333038330078
413,39.80146681118527,shap,1.131523258025612,45.036285400390625
414,1.2608851276816972,shap,26.96409224589558,33.99862289428711
415,12.455081308815767,shap,5.833004330647622,72.65054321289062
416,69.41245070877461,shap,0.26910966871580144,18.679561614990234
417,5.4391527407957225,shap,4.292849553823706,23.349464416503906
418,0.5382688690254412,shap,44.779212792346534,24.103256225585938
419,129.61462153504095,shap,0.3410816090206278,44.209163665771484
420,23.819786170294332,shap,4.083687057255914,97.27255249023438
421,30.301248515441667,shap,0.7251114014586102,21.97178077697754
422,38.37298804347192,shap,2.0658676281382644,79.27351379394531
423,59.015606303515284,shap,0.796647271449259,47.01462173461914
424,52.195392301499915,shap,0.41292075518426685,21.552560806274414
425,2.1168008761325003,shap,25.258626885205917,53.46748352050781
426,0.5052333771469076,shap,30.417586601544652,15.367980003356934
427,62.546051668912185,shap,1.6179715316604966,101.1977310180664
428,17.052964286675,shap,4.244808854028152,72.3865737915039
429,6.75339110295587,shap,12.553445617089787,84.77832794189453
430,1.3176331239528658,shap,9.9024891759396,13.047847747802734
431,34.533642269718555,shap,0.9247837588368253,31.9361515045166
432,10.190519321159316,shap,1.104490146545869,11.255328178405762
433,19.871570793242753,shap,1.03560411986469,20.57908058166504
434,149.45926400950358,shap,0.466022670431749,69.65140533447266
435,716.8442907641589,shap,0.07952446744139714,57.00666046142578
436,83.67480039818642,shap,0.23301290995970741,19.4973087310791
437,1.5991777664663496,shap,21.00163642897158,33.585350036621094
438,323.3402145895001,shap,0.2315031039386674,74.85426330566406
439,140.4889960303884,shap,0.38055153159995775,53.46330261230469
440,147.4212898949691,shap,1.1195674692707214,165.04808044433594
441,87.45668078600215,shap,1.1731648607541245,102.60110473632812
442,48.413128850922064,shap,1.5364720999955153,74.38542175292969
443,15.448005665908598,shap,0.9814463872414286,15.161389350891113
444,86.75477196951803,shap,0.5840674129279274,50.67063522338867
445,157.17307391597603,shap,0.4470155746158125,70.2588119506836
446,18.705768429048494,shap,2.6416991393351026,49.41501235961914
447,50.2608284591349,shap,2.7821890937964566,139.8351287841797
448,16.9553318682762,shap,2.10559405544799,35.701045989990234
449,130.0187164819119,shap,0.08365233691436626,10.87636947631836
450,0.9088675283031564,shap,57.658533481631444,52.403968811035156
451,90.04870209056351,shap,0.32314791714138397,29.099050521850586
452,51.97710824476429,shap,2.7291930061735137,141.85556030273438
453,94.8753269948582,shap,0.09750151671942416,9.25048828125
454,15.679345422739862,shap,1.9429580043692523,30.464309692382812
455,86.54272169413296,shap,1.155787035483225,100.02495574951172
456,26.76666787520905,shap,3.8879312016340406,104.06696319580078
457,19.959561505463988,shap,3.3190946111983712,66.24767303466797
458,2.5365935482033324,shap,20.535285255108423,52.08967208862305
459,41.99929989191585,shap,0.2355616190247174,9.893423080444336
460,32.987279429235166,shap,3.7074072634654285,122.29727935791016
461,63.03596547503939,shap,1.444814536423707,91.07527923583984
462,3.5020022703657934,shap,17.82154276413891,62.41108322143555
463,16.59726238346755,shap,3.8485634862640485,63.87561798095703
464,71.88132726967581,shap,0.28865596441468055,20.748973846435547
465,1.3787337208336305,shap,40.39186388558413,55.68962478637695
466,2.1039403872134814,shap,3.0624945499392116,6.443305969238281
467,14.96605499899596,shap,6.761222481237506,101.18882751464844
468,0.837824031836237,shap,2.3320306422321493,1.9538313150405884
469,0.5243137136512104,shap,35.97050115338413,18.859827041625977
470,20.120310530852667,shap,0.8995605552841347,18.099437713623047
471,0.8606445096797943,shap,23.513859288830762,20.23707389831543
472,3.394636608546426,shap,18.603221415112788,63.15117645263672
473,24.67182894068197,shap,0.99643167078916,24.583791732788086
474,26.99425691951856,shap,2.226183792547438,60.09417724609375
475,19.714699206692483,shap,4.795950433915164,94.55072021484375
476,191.1353963085622,shap,0.1990838545369018,38.051971435546875
477,6.341062728199899,shap,2.6084886706286263,16.540590286254883
478,13.252645570196089,shap,1.4366812457144766,19.039827346801758
479,232.50855236543117,shap,0.14566327872369078,33.867958068847656
480,3.189383335341763,shap,5.244879122432995,16.727930068969727
481,89.83197546645528,shap,0.6577031709386071,59.0827751159668
482,13.944559993587985,shap,2.582271257835811,36.008636474609375
483,228.7652301294603,shap,0.6209637552937821,142.05491638183594
484,331.7511228553285,shap,0.13365401772043672,44.33987045288086
485,27.23651520698529,shap,1.4551516050561206,39.63325881958008
486,183.63999121776496,shap,0.24772027032312788,45.49134826660156
487,66.29584266505054,shap,1.6377129885899693,108.57356262207031
488,1.4127966519269264,shap,20.192719053143385,28.52820587158203
489,109.85792097244513,shap,1.2542443895769153,137.78868103027344
490,56.968822367327164,shap,0.4326934758553172,24.65003776550293
491,97.12652678091348,shap,0.48235333592125523,46.84930419921875
492,0.6939361558086565,shap,57.40106723135091,39.83267593383789
493,16.65897259246768,shap,0.6286759784090917,10.473095893859863
494,78.58934148446158,shap,0.30134776096014587,23.682722091674805
495,42.89385941155145,shap,0.15322894476106655,6.572580814361572
496,2.1130921859521914,shap,15.77955512506105,33.34365463256836
497,28.5238433771356,shap,2.710665152467275,77.31858825683594
498,7.70475757373435,shap,2.67324992809891,20.596742630004883
499,15.954716410652757,shap,1.7066799862481619,27.229595184326172
500,42.78260807139027,lime005,1.2648929958843314,54.115421295166016
501,20.36104219692577,lime005,7.789998481360497,158.61248779296875
502,322.64646860025124,lime005,0.14904217856557217,48.08793258666992
503,92.67552670918523,lime005,1.3868827607029117,128.53009033203125
504,5.4392673440286785,lime005,17.982606161286263,97.81220245361328
505,12.521403335632955,lime005,7.234157990884629,90.5818099975586
506,142.09539302640457,lime005,0.4412181098533596,62.69506072998047
507,13.246462153465181,lime005,2.520475438688383,33.38738250732422
508,81.76033223200587,lime005,1.4180773389745056,115.94247436523438
509,141.20422459214788,lime005,1.1916084492565757,168.26014709472656
510,1.2704118384830072,lime005,22.06012956103485,28.025449752807617
511,31.552691204864363,lime005,2.0134971499642758,63.531253814697266
512,190.2742213651663,lime005,1.5081001179496953,286.95257568359375
513,123.57114159218094,lime005,0.7694402670197027,95.08061218261719
514,7.78196812771434,lime005,24.833131888693654,193.25064086914062
515,20.818288418864224,lime005,5.833004330647622,121.43316650390625
516,286.73120816504115,lime005,0.5656183048917532,162.180419921875
517,18.929033022929445,lime005,4.292849553823706,81.25949096679688
518,9.004293443072678,lime005,9.752213321508899,87.8117904663086
519,233.4205533333927,lime005,0.7563440616880419,176.54624938964844
520,69.21853600347892,lime005,4.083687057255914,282.6668395996094
521,95.13226650430029,lime005,0.7251114014586102,68.98149108886719
522,171.59091908797473,lime005,1.057201569459726,181.40618896484375
523,101.03480686473704,lime005,1.524848509528589,154.06277465820312
524,177.05785387151997,lime005,0.41292075518426685,73.1108627319336
525,9.339403632283483,lime005,16.639698589855126,155.4048614501953
526,1.8920696974482303,lime005,15.400681118088633,29.139162063598633
527,162.16245554940295,lime005,0.7358105088133143,119.32083892822266
528,31.403835427689486,lime005,6.119924510984859,192.18910217285156
529,24.520748696664754,lime005,12.553445617089787,307.81988525390625
530,9.703227505680413,lime005,9.9024891759396,96.08610534667969
531,46.17892585353896,lime005,0.9247837588368253,42.70552062988281
532,94.7637001990859,lime005,1.104490146545869,104.66557312011719
533,90.52123462528522,lime005,1.03560411986469,93.7441635131836
534,93.56909660317224,lime005,0.459730333337184,43.01655197143555
535,1058.6793052465114,lime005,0.10718755772701617,113.47724914550781
536,236.17255326794537,lime005,0.9878566464924996,233.30462646484375
537,38.79432654603921,lime005,1.44840822144983,56.19002151489258
538,574.832269839328,lime005,0.2315031039386674,133.07545471191406
539,172.0848741767989,lime005,0.5960898608710179,102.57804870605469
540,197.78045977318007,lime005,1.0587295205637606,209.39601135253906
541,50.44386212762954,lime005,1.3422947864454426,67.71053314208984
542,103.81041122554386,lime005,1.5364720999955153,159.50180053710938
543,83.53106524489601,lime005,0.9814463872414286,81.98126220703125
544,63.90809113326643,lime005,0.5840674129279274,37.32663345336914
545,297.05925899913393,lime005,0.4470155746158125,132.7901153564453
546,137.71904779406725,lime005,0.6586618396295504,90.71028137207031
547,41.21515063300766,lime005,2.7821890937964566,114.66834259033203
548,52.29634863701092,lime005,2.5220384508119635,131.89340209960938
549,306.1091382593247,lime005,0.08365233691436626,25.60674476623535
550,12.175076100950859,lime005,6.83523491927572,83.2195053100586
551,123.92111250474653,lime005,0.32314791714138397,40.04484939575195
552,20.92728302028164,lime005,2.454437487035337,51.364707946777344
553,310.4600392436852,lime005,0.09750151671942416,30.27032470703125
554,106.18916602660047,lime005,2.242362977795378,238.11465454101562
555,132.5788282993544,lime005,1.6271468264862692,215.7252197265625
556,126.6939307221442,lime005,0.6374154439010176,80.75666809082031
557,19.25000638037366,lime005,2.7664892762091644,53.25493621826172
558,12.778986139729504,lime005,13.885208623722678,177.4388885498047
559,199.91990402888615,lime005,0.2355616190247174,47.09345626831055
560,54.73424417088088,lime005,3.7074072634654285,202.92213439941406
561,43.37876262673873,lime005,1.444814536423707,62.67426681518555
562,20.54137580794668,lime005,10.273973450258051,211.0415496826172
563,66.4486324708478,lime005,1.4893190029604784,98.96321105957031
564,109.82970487041973,lime005,0.9717230887992451,106.72406005859375
565,7.356773120417462,lime005,12.133453086340692,89.2630615234375
566,27.86369704749838,lime005,3.0624945499392116,85.3324203491211
567,43.37103863522122,lime005,6.761222481237506,293.2412414550781
568,16.27715660548914,lime005,2.3320306422321493,37.95882797241211
569,6.259623398077264,lime005,9.798259139559358,61.333412170410156
570,78.27670332026588,lime005,0.8995605552841347,70.41463470458984
571,6.186860077334905,lime005,11.428006301801666,70.70347595214844
572,12.875364381781136,lime005,18.603221415112788,239.52325439453125
573,106.50489192907726,lime005,0.99643167078916,106.12484741210938
574,24.575199693374223,lime005,2.110678983715954,51.870357513427734
575,143.47198496667932,lime005,0.802439329903328,115.1275634765625
576,431.39612142494246,lime005,0.1990838545369018,85.88400268554688
577,37.23618438284802,lime005,2.6084886706286263,97.13016510009766
578,65.45408081575383,lime005,3.072621264853695,201.1156005859375
579,590.8019593640522,lime005,0.33352249891268515,197.04574584960938
580,30.524629492146065,lime005,5.244879122432995,160.09799194335938
581,273.65319329109116,lime005,0.5887885087437266,161.1238555908203
582,55.20841116692101,lime005,0.631492282987475,34.863685607910156
583,97.80700398591743,lime005,0.19718394288657556,19.28597068786621
584,1280.5065110687783,lime005,0.1185138579240552,151.7577667236328
585,124.99289099847199,lime005,1.4551516050561206,181.88360595703125
586,170.87175078567066,lime005,0.2725453272824798,46.57029724121094
587,75.09570961404725,lime005,2.6319224981331435,197.64608764648438
588,17.450398979366945,lime005,6.11580798902844,106.7232894897461
589,112.28673378105405,lime005,1.894856456030788,212.76724243164062
590,244.65021298538667,lime005,0.4326934758553172,105.85855102539062
591,273.23362552291263,lime005,0.48235333592125523,131.79515075683594
592,5.642757406728895,lime005,50.24588320095854,283.52532958984375
593,128.7535430388,lime005,0.6286759784090917,80.94425964355469
594,272.78036328219406,lime005,0.30134776096014587,82.20175170898438
595,313.91542462984916,lime005,0.15322894476106655,48.100929260253906
596,10.523337796986533,lime005,15.77955512506105,166.0535888671875
597,58.873102038451755,lime005,2.710665152467275,159.58526611328125
598,44.95652645752722,lime005,3.1618453494341403,142.1455841064453
599,61.39140638798525,lime005,0.9239555541328048,56.722930908203125
600,2186.9230376112055,control,1.2648929958843314,2766.2236328125
601,371.03615625419303,control,7.789998481360497,2890.37109375
602,5043.274967968091,control,0.5573761086627878,2811.0009765625
603,1781.6429778017339,control,1.3868827607029117,2470.929931640625
604,730.4323236154383,control,4.614673636601002,3370.706787109375
605,468.1459387790357,control,9.075579747337356,4248.69580078125
606,3852.705336178266,control,0.4906482788695767,1890.3232421875
607,333.2793194383684,control,2.520475438688383,840.0223388671875
608,2257.5275544865362,control,1.2857906243062809,2902.707763671875
609,1417.5153011554985,control,1.5924195321872976,2257.279052734375
610,346.7199545004301,control,7.701907532678689,2670.405029296875
611,1130.6902528284647,control,2.0134971499642758,2276.6416015625
612,7862.016242720694,control,0.5096811319361938,4007.121337890625
613,8720.389960434588,control,0.5459689901026775,4761.0625
614,231.1027461756586,control,13.933473392809514,3220.06396484375
615,234.2292101501778,control,10.583471849491882,2478.958251953125
616,10790.711912443803,control,0.3329307051584753,3592.559326171875
617,828.7643099157583,control,4.292849553823706,3557.760498046875
618,397.99268076522475,control,6.11451993290057,2433.5341796875
619,7205.099844416837,control,0.27265060803256985,1964.474853515625
620,1663.9432341210493,control,1.7069323442941455,2840.238525390625
621,7018.673012148536,control,0.7251114014586102,5089.31982421875
622,3944.1486449970776,control,0.5560896635452174,2193.30029296875
623,2571.700312714704,control,0.796647271449259,2048.738037109375
624,9026.459327965902,control,0.41292075518426685,3727.21240234375
625,326.42279644640746,control,11.005792312964509,3592.54150390625
626,174.6541722580938,control,15.400681118088633,2689.793212890625
627,8052.72937856122,control,0.3607861200472059,2905.31298828125
628,894.6046073190847,control,5.237227173057282,4685.24755859375
629,298.15877570208653,control,12.764665281759193,3805.89697265625
630,427.7953446113506,control,9.9024891759396,4236.23876953125
631,5309.427857660629,control,0.5953156319527221,3160.785400390625
632,2315.580096743228,control,1.104490146545869,2557.535400390625
633,2321.454327865885,control,1.03560411986469,2404.107666015625
634,10598.044771206049,control,0.37113846241734777,3933.342041015625
635,76270.29894642993,control,0.05396905344156151,4116.23583984375
636,13945.000879723275,control,0.23301290995970741,3249.365234375
637,1256.8711620483714,control,1.44840822144983,1820.4625244140625
638,23151.29774998152,control,0.1277384879031451,2957.311767578125
639,14710.667291286516,control,0.22115340824215307,3253.314208984375
640,3503.0229791012785,control,0.8873038710145185,3108.245849609375
641,6803.8027007257415,control,0.6308625262896596,4292.26416015625
642,1585.4394415541012,control,1.2924346717956636,2049.076904296875
643,2368.093276661186,control,1.0798141319596999,2557.1005859375
644,2715.04893330009,control,0.5840674129279274,1585.7716064453125
645,7524.496526911154,control,0.4470155746158125,3363.567138671875
646,3664.7704130831335,control,0.6604199785656114,2420.28759765625
647,3236.9358354727988,control,0.9570207303207624,3097.814697265625
648,2456.3202625276367,control,1.823453126862302,4478.98486328125
649,15774.13594926506,control,0.08365233691436626,1319.5433349609375
650,416.2078125223494,control,6.83523491927572,2844.878173828125
651,10471.69369307383,control,0.32314791714138397,3383.906005859375
652,613.7335060561567,control,2.7291930061735137,1674.9971923828125
653,28702.89383956035,control,0.09750151671942416,2798.57568359375
654,3397.1425273983264,control,0.9099547118433032,3091.245849609375
655,8982.515029277873,control,0.474195125737789,4259.46484375
656,4403.627895346982,control,0.6374154439010176,2806.9404296875
657,506.24186667066346,control,2.7664892762091644,1400.5126953125
658,260.1456215113195,control,13.58971529523435,3535.304931640625
659,6040.626759262633,control,0.2355616190247174,1422.9398193359375
660,1364.3048441098913,control,4.055880935776252,5533.4580078125
661,1966.1780967016907,control,1.444814536423707,2840.7626953125
662,319.7733048615256,control,13.383112181837594,4279.56201171875
663,1857.5969539500936,control,1.4893190029604784,2766.554443359375
664,13244.903501149598,control,0.3067909850634105,4063.4169921875
665,168.27034632248356,control,18.399387394906764,3096.0712890625
666,1344.163584691264,control,3.0624945499392116,4116.49365234375
667,4.792721404482589,control,6.962586955557294,33.3697395324707
668,992.4193331810799,control,2.3320306422321493,2314.352294921875
669,277.15374735234957,control,11.378421008593449,3153.572021484375
670,503.3156249659844,control,7.085529221550381,3566.257568359375
671,269.37578687133174,control,12.30434340812962,3314.4921875
672,382.54950151025696,control,6.238353453565443,2386.47900390625
673,1155.136245313243,control,1.2756659650693143,1473.5679931640625
674,1349.8879733786557,control,2.110678983715954,2849.18017578125
675,5321.562996951989,control,0.802439329903328,4270.2314453125
676,31110.259453018865,control,0.08706582421627908,2708.640380859375
677,1380.2716078865794,control,2.6084886706286263,3600.4228515625
678,2437.4633695553944,control,1.4366812457144766,3501.85791015625
679,25230.809115159474,control,0.16243359600485788,4098.3310546875
680,781.9034837756437,control,5.244879122432995,4100.9892578125
681,3491.269437629115,control,0.5669372134596385,1979.33056640625
682,4541.854387396586,control,0.631492282987475,2868.14599609375
683,16439.269907785365,control,0.19718394288657556,3241.56005859375
684,114657.45663642492,control,0.02690761279528956,3085.158447265625
685,3386.325638083571,control,1.4551516050561206,4927.6171875
686,12564.552906704212,control,0.2091534376994458,2627.91943359375
687,6758.233334998605,control,0.813000455147038,5494.44677734375
688,499.16648821562256,control,6.11580798902844,3052.806396484375
689,2323.659563713577,control,0.7888467747872753,1833.0113525390625
690,3560.7998485201024,control,0.4326934758553172,1540.73486328125
691,6282.459368892414,control,0.48235333592125523,3030.365234375
692,251.38428808910928,control,7.559145811084502,1900.25048828125
693,4350.14014723757,control,0.6286759784090917,2734.82861328125
694,4309.038070934122,control,0.4541787410812704,1957.073486328125
695,14050.143562836965,control,0.15322894476106655,2152.888671875
696,273.66285367227306,control,8.957384730528505,2451.303466796875
697,2156.8911517240185,control,0.8163375983836998,1760.7513427734375
698,999.4578337239606,control,3.1618453494341403,3160.131103515625
699,3367.2398176778956,control,0.9239555541328048,3111.179931640625
